antigen,label,tcr
AMFWSVPTV,1,CASSFPGYGLNTEAFF
AMFWSVPTV,1,CSPIRGIEQYF
RAKFKQLL,0,CASSEGVGLAFEQFF
ARMILMTHF,1,CASSTKQGWYEQYF
ARMILMTHF,1,CASRLGASSYNEQFF
RAKFKQLL,0,CSASITGTEQYF
MLNIPSINV,0,CSVGGTGTYGYTF
KLGGALQAK,0,CSVGGTGTYGYTF
HPKVSSEVHI,0,CASSFLGGLDEQFF
ARMILMTHF,1,CASSLAVSSEQFF
ARMILMTHF,1,CASSLGLPGLAGAYEQYF
ARMILMTHF,1,CASSIVGHLNTEAFF
ARMILMTHF,1,CASSLASNEQFF
TPRVTGGGAM,0,CASSFDGQGYEQYF
ARMILMTHF,1,CASSLEGSAGELFF
VTEHDTLLY,0,CASSWWETSHEQFF
LLQTGIHVRVSQPSL,0,CASSLRTAGYNEQFF
KAFSPEVIPMF,0,CASSLWGADGYTF
ATDALMTGY,1,CASRSLLGTRVETEAFF
YVLDHLIVV,0,CASSPTGPFYGYTF
ATDALMTGY,1,CAISESPQSYEQYF
LPRRSGAAGA,0,CASSLWGADGYTF
ATDALMTGY,1,CASSPASSSFYEQYF
VTEHDTLLY,0,CASSQEGSDNQPQHF
ATDALMTGY,1,CAISEEGIGNQPQHF
ATDALMTGY,1,CAISESSAGNQPQHF
ATDALMTGY,1,CAISESSSGSNEQFF
ATDALMTGY,1,CAIRSGTINTGELFF
ATDALMTGY,1,CASSLVGGAGEQFF
ATDALMTGY,1,CASSPTGQLETQYF
ATDALMTGY,1,CASSPFGTGPYEQYF
RAKFKQLL,0,CASSFSQDPQYF
AVFDRKSDAK,1,CASSSLDVAGYEQYF
SLYNTVATL,0,CASRTGNLNTEAFF
FLYNLLTRV,0,CASSQGVAGAFDEQFF
GTSGSPIINR,0,CASSFGGPRGPLHF
FLRGRAYGL,0,CASSSPTSGGQETQYF
LLWNGPMAV,0,CATGYRFNQPQHF
AVFDRKSDAK,1,CASSLGSAEAFF
TPQDLNTML,0,CASSPHGRGEVDTQYF
AMFWSVPTV,0,CASSLGGTDTQYF
AVFDRKSDAK,1,CASSESISYEQYF
AVFDRKSDAK,1,CASSRLALLTDTQYF
KRWIIMGLNK,0,CASSIGSYGYTF
HPKVSSEVHI,0,CASSMWGRQLNTEAFF
AVFDRKSDAK,1,CASKIGQGYEQYF
RPPIFIRRL,0,CASSLPGTGGSPLHF
IVTDFSVIK,0,CASSPGTSYNEQFF
FLYNLLTRV,0,CASSLTSGNTEAFF
FLRGRAYGL,0,CASSALAGNTEAFF
RLRAEAQVK,0,CASSPVSSGLTYEQYF
AVFDRKSDAK,1,CSAPTRVLAGCTDTQYF
AVFDRKSDAK,1,CASSDSPAGGNEQFF
KRWIIMGLNK,0,CASSLGGSEAFF
AVFDRKSDAK,1,CASSSGSRRPQHF
AVFDRKSDAK,1,CASSTSEGGLFYEQYF
AVFDRKSDAK,1,CASSQDRNTDTQYF
GLIYNRMGAVTTEV,0,CAINPLGSSSKKGTQYF
AVFDRKSDAK,1,CASSEGTRVGEQFF
TPGPGVRYPL,0,CSVAGTSGGAYEQYF
FRDYVDRFYKTLRAEQASQE,0,CASKDKEGTGYNEQFF
MLNIPSINV,0,CASSYSPTQGENTIYF
AVFDRKSDAK,1,CATSTGRGQLYGYTF
GPGHKARVL,0,CASSVNPGLRGGTDTQYF
GTSGSPIIDK,0,CASSADRFPYEQYF
AVFDRKSDAK,1,CASSQGETTGELFF
ELAGIGILTV,0,CASSLNGVYMEQYF
AVFDRKSDAK,1,CASSPGTALYEQYF
LLQTGIHVRVSQPSL,0,CSVAGGANYGYTF
KRWIIMGLNK,0,CASSAPGLAVNEQFF
NLSALGIFST,0,CASSYTGTDSPLHF
IVTDFSVIK,0,CASSSGTGLNTEAFF
LLQTGIHVRVSQPSL,0,CASSVVDNEQFF
LLQTGIHVRVSQPSL,0,CASKDGISYEQYF
AVFDRKSDAK,1,CATIPTGSTDTQYF
FLYNLLTRV,0,CATMEPGQGPDTQYF
AVFDRKSDAK,1,CASSQEGINTGELFF
PKYVKQNTLKLAT,0,CASSIGTVNTEAFF
AVFDRKSDAK,1,CASSSTSGGNLQETQYF
FLKEKGGL,0,CASSTYRGPTNEKLFF
AVFDRKSDAK,1,CASTRRTGDEQYF
TPGPGVRYPL,0,CASTEHSGGKYF
LLQTGIHVRVSQPSL,0,CSARDRPGTGGFHEQFF
RLRAEAQVK,0,CSARDRLAGVADTQYF
GTSGSPIIDK,0,CASSQVPQGLSGNTIYF
KLVALGINAV,0,CASSYGTGGNEQFF
LLWNGPMAV,0,CASSEISGGSEQYF
FLKEKGGL,0,CSARDPTGSSEKLFF
NEGVKAAW,0,CASSHVVSGGSTDTQYF
RLRAEAQVK,0,CASREGQAYGYTF
VTEHDTLLY,0,CASSDSAGLALNEQFF
AVFDRKSDAK,1,CASSLVGAGELFF
AVFDRKSDAK,1,CASSLGDMTNYGYTF
LLWNGPMAV,0,CASRQLALGETQYF
GILGFVFTL,0,CSVLRDTGELFF
YVLDHLIVV,0,CASSQDDRRGSYNEQFF
AVFDRKSDAK,1,CASSSTGYPQYF
TPQDLNTML,0,CSVDLEANYGYTF
KLGGALQAK,0,CASSSSLGPYGYTF
NLSALGIFST,0,CASSVGGAGGTESYEQYF
AVFDRKSDAK,1,CASSIVPAETQYF
GPGHKARVL,0,CASSFAGGSYNEQFF
AVFDRKSDAK,1,CSARPNKLAGGYEQYF
TPGPGVRYPL,0,CASSQPTTSYQETQYF
AVFDRKSDAK,1,CASTNDGLSSYNSPLHF
AVFDRKSDAK,1,CATSTLAGADTGELFF
RPRGEVRFL,0,CATSEGTYEQYF
GPGHKARVL,0,CASSPGTGANIQYF
AMFWSVPTV,0,CASSVFDWASGRTGELFF
AVFDRKSDAK,1,CASSLAGVANQPQHF
LPRRSGAAGA,0,CASRTGLASTDTQYF
DPFRLLQNSQVFS,0,CASSASGGAPTYNEQFF
AMFWSVPTV,0,CASSLTLAGGIGTDTQYF
CINGVCWTV,1,CAISRDSIQFGNTIYF
GILGFVFTL,0,CASSQDLGLLRDTGELFF
CINGVCWTV,1,CASSQAAGVGYPTEAFF
NLSALGIFST,0,CASSQQGEKLFF
CINGVCWTV,1,CASSQGQTNEKLFF
HPKVSSEVHI,0,CASLEEDTGELFF
CINGVCWTV,1,CASSSGQGNIQYF
GLIYNRMGAVTTEV,0,CASSLSGTGELFF
RPPIFIRRL,0,CASSLGVNTEAFF
DATYQRTRALVR,1,CASSQVGPGETQYF
GTSGSPIINR,0,CASSAGLAPDEQYF
DATYQRTRALVR,1,CASSPGTDYGYTF
FRDYVDRFYKTLRAEQASQE,0,CASSLEGDTEAFF
DATYQRTRALVR,1,CSATRLAGGPTDTQYF
ATDALMTGY,0,CASSTGTGGPSGTGELFF
DATYQRTRALVR,1,CASSSIGVAGEETQYF
DATYQRTRALVR,1,CASSQSPTGAIHEQYF
DATYQRTRALVR,1,CSAETGNTEQFF
DATYQRTRALVR,1,CSASQDPYEQYF
DPFRLLQNSQVFS,1,CASSLSGLTGNQPQHF
DPFRLLQNSQVFS,1,CASSLARSNTEAFF
ATDALMTGY,0,CSARDNYEQYF
EIYKRWII,1,CASSENSLGRGLVKTQYF
EIYKRWII,1,CASSPNGDRVFDQPQHF
QARQMVQAMRTIGTHP,0,CASSARDTLRGTGELFF
GTSGSPIINR,0,CASRNRAAGRFRETQYF
EIYKRWII,1,CSARYSYEQYF
RLRAEAQVK,0,CSARYSYEQYF
IVTDFSVIK,0,CASGGQGDRQPQHF
IVTDFSVIK,0,CASSLGTEWGYDNTQYF
CINGVCWTV,0,CASSLEMGAGTEAFF
ELAGIGILTV,1,CASRGQGLGQPQHF
LPRRSGAAGA,0,CASSAKGLGNTIYF
TPGPGVRYPL,0,CSASAGLAEAFF
GTSGSPIIDK,0,CASSPMGVGGNTIYF
ELAGIGILTV,1,CASSYYLAGTSIYEQYF
TPRVTGGGAM,0,CASSYYLAGTSIYEQYF
ELAGIGILTV,1,CASSPGSGNTIYF
TPQDLNTML,0,CASRPTGLGQPQHF
YLQPRTFLL,0,CASRMGTGTEAFF
ATDALMTGY,0,CASSQAQLNTEAFF
ELAGIGILTV,1,CASSFAPGNTIYF
SLYNTVATL,0,CASNKGMNQPQHF
TPRVTGGGAM,0,CASSYGTGNGYTF
LLLGIGILV,0,CASSQETSGGASQFF
MLNIPSINV,0,CASSLGGGTEAFF
SFHSLHLLF,0,CSVAGTSGRGPDTQYF
ELAGIGILTV,1,CASSYGSGDGYTF
PKYVKQNTLKLAT,0,CAEGQGFVGQPQHF
GTSGSPIIDK,0,CASSPALTGGLIEQYF
SLYNTVATL,0,CASSETQMNTEAFF
GILGFVFTL,0,CASSDGGATDTQYF
ELAGIGILTV,1,CASKDWYGNTIYF
ELAGIGILTV,1,CASSPRGKEKLFF
IVTDFSVIK,0,CASSPGNSGNTIYF
MLNIPSINV,0,CASIPIRWGDTGELFF
LPRRSGAAGA,0,CATMASGGINEQFF
ELAGIGILTV,1,CATTQISNTGELFF
QARQMVQAMRTIGTHP,0,CASSWAQDRGPTGELFF
ELAGIGILTV,1,CASSYSMGDGNSPLHF
HPKVSSEVHI,0,CASSSLAGSTDTQYF
IVTDFSVIK,0,CASSPLRGQGDTGELFF
YLQPRTFLL,0,CASSPTGTQETQYF
ELAGIGILTV,1,CATSESTGLANQPQHF
ELAGIGILTV,1,CSVAGTGNNEKLFF
ELAGIGILTV,1,CASAPPQHF
ELAGIGILTV,1,CASTGGPLGEQFF
ELAGIGILTV,1,CAISEPDRGLGYTF
ELAGIGILTV,1,CASSSHEGLETQYF
QARQMVQAMRTIGTHP,0,CATTTGTGGFDEQFF
HPKVSSEVHI,0,CASSPGRLLEQYF
ELAGIGILTV,1,CASSPSSLDGTGQFF
FLRGRAYGL,0,CATSRFKGTGDETQYF
RPPIFIRRL,0,CSAREGWAGYGYTF
SGPLKAEIAQRLED,0,CASSQDSSPNQPQHF
KRWIILGLNK,0,CASSWDDPGELFF
ELAGIGILTV,1,CASRPQGDTEAFF
GLCTLVAML,0,CASQQGEVTEAFF
ELAGIGILTV,1,CASLGQQGRDYGYTF
ELAGIGILTV,1,CSARPIAGGPYEQFF
ELAGIGILTV,1,CASCPDRDTVNEKLFF
ELAGIGILTV,1,CASSQDSQGLNYEQYF
ELAGIGILTV,1,CASSYLGQGNEQFF
NLSALGIFST,0,CASSYAASVLEQYF
DATYQRTRALVR,0,CASSRNGVRQPQHF
ELAGIGILTV,1,CSVRGTGPQETQYF
RPPIFIRRL,0,CASGDSSMRYTF
QARQMVQAMRTIGTHP,0,CASRGDGNTIYF
YLQPRTFLL,0,CSVEGRNYGYTF
ISPRTLNAW,0,CASSVEGGASGNTIYF
ELAGIGILTV,1,CASSFGITYEQYF
FLRGRAYGL,0,CASSYGQLSNQPQHF
KRWIIMGLNK,0,CASSPLTGPPYEQYF
ELAGIGILTV,1,CASSHRDGQDQPQHF
ELAGIGILTV,1,CASSELLSRNIAKNIQYF
ELAGIGILTV,1,CASSQDPSATDTQYF
KRWIILGLNK,0,CASSQDPSATDTQYF
ELAGIGILTV,1,CASSVGTTPGELFF
ELAGIGILTV,1,CASSLPGAQREAFF
ELAGIGILTV,1,CASSLIAGTDTQYF
ELAGIGILTV,1,CASSQETTSEQYF
DPFRLLQNSQVFS,0,CASSFHNQETQYF
ELAGIGILTV,1,CASSQVSTNEQFF
ELAGIGILTV,1,CASGSGGSDEQFF
ATDALMTGY,0,CASSFWGTGYNEQFF
IVTDFSVIK,0,CASSIQSYNEQFF
ELAGIGILTV,1,CATTTGTGGFDEQFF
GTSGSPIINR,0,CASSRDGTGELFF
LPRRSGAAGA,0,CSARVDRDYEQYF
ELAGIGILTV,1,CASSQRAYEQYF
ELAGIGILTV,1,CASSPGDLPWGQPQHF
ELAGIGILTV,1,CASSEYFGQGKNEQYF
NLSALGIFST,0,CASRTKTVNTEAFF
GTSGSPIIDK,0,CASSQVPDRGREQYF
LLQTGIHVRVSQPSL,0,CASSPTLLAALTDTQYF
ELAGIGILTV,1,CASSGHWGYYGYTF
FLKEKGGL,0,CASSYSMGSNQPQHF
YLQPRTFLL,0,CASSQSSGGAYNEQFF
PKYVKQNTLKLAT,0,CSARGSGAQETQYF
ELAGIGILTV,1,CASSLALVGEQFF
TPQDLNTML,0,CSVEDQQGYGYTF
ELAGIGILTV,1,CSAPTSGGWFF
ELAGIGILTV,1,CSVVSSGYTF
KLGGALQAK,0,CSVVSSGYTF
ELAGIGILTV,1,CASSSRDRATGELFF
ELAGIGILTV,1,CASSFGRVGGYTF
IVTDFSVIK,0,CASSSPGTGGGVYGYTF
KLVALGINAV,0,CASSQETGGAYTEAFF
ELAGIGILTV,1,CASSLVPGLTYEQYF
ELAGIGILTV,1,CASSTTGTATDGYTF
ELAGIGILTV,1,CASSQVAGALREQYF
FLKEKGGL,0,CATSGGGVRNEQFF
ELAGIGILTV,1,CASSYGLGNQPQHF
ELAGIGILTV,1,CASSGGDTQYF
RPPIFIRRL,0,CASSYSFTEATYEQYF
NLVPMVATV,0,CASTLGGGTEAFF
RLRAEAQVK,0,CAISTGDSNQPQHF
EPLPQGQLTAY,1,CASSDVAPAPFYGYTF
FLKEKGGL,1,CSATILAGVPYGEQYF
FLKEKGGL,1,CASSLDREVTGELFF
FLKEKGGL,1,CASSLSSNEQFF
TPRVTGGGAM,0,CASSESSREVSYNSPLHF
YVLDHLIVV,0,CSARDTMTTGGVFYEAFF
RPRGEVRFL,0,CASSFTGENSPLHF
FLKEKGGL,1,CASGIGQGIALRELFF
FLKEKGGL,1,CASTVARDGGELFF
FLKEKGGL,1,CATKGTGLYNEQFF
YSEHPTFTSQY,0,CASNQETQYF
NLVPMVATV,0,CASSLGQAYEQYF
SGPLKAEIAQRLED,0,CASSESGGGYRWTEAFF
LPRRSGAAGA,0,CASSQEGGPAEQFF
FPRPWLHGL,1,CASKLYTGGDQPQHF
FPRPWLHGL,1,CASSSVDRNSYEQYF
ATDALMTGY,0,CASSELTSRTYEQYF
FRDYVDRFYKTLRAEQASQE,1,CASSSRTSGGQDEQFF
TPGPGVRYPL,0,CASSELASGISEQFF
TPGPGVRYPL,0,CASSELASGTGEQFF
FRDYVDRFYKTLRAEQASQE,1,CASSQRTSGSDEQYF
LLLGIGILV,0,CASSRRTSGGTDTQYF
LLQTGIHVRVSQPSL,0,CASSPTTTGYGYTF
FRDYVDRFYKTLRAEQASQE,1,CASSVGTSGVGEQYF
AMFWSVPTV,0,CASSDRASGGDTQYF
FRDYVDRFYKTLRAEQASQE,1,CASSDRATGGDTQYF
KRWIIMGLNK,0,CASSRRTSGGTDTQYF
FRDYVDRFYKTLRAEQASQE,1,CASSVRAQGYTF
FRDYVDRFYKTLRAEQASQE,1,CASSSRTSGGTDTQYF
MLNIPSINV,0,CASSALASGTDTQYF
DPFRLLQNSQVFS,0,CASSGQARGNQPQHF
GLIYNRMGAVTTEV,0,CASSFRTSGGDTQYF
FRDYVDRFYKTLRAEQASQE,1,CASSISLPGTLYYEQYF
FRDYVDRFYKTLRAEQASQE,1,CASSPGTSGVGEQFF
FRDYVDRFYKTLRAEQASQE,1,CASRRRTSASSDEQYF
FRDYVDRFYKTLRAEQASQE,1,CASSRRTSGGSDTQYF
FRDYVDRFYKTLRAEQASQE,1,CASSELASGTDTQYF
GTSGSPIIDK,0,CASSSRAGGEQYF
GILGFVFTL,1,CASSIRSSYEQYF
GILGFVFTL,1,CASSTGSYGYTF
RPPIFIRRL,0,CASSVGSYGYTF
YLQPRTFLL,0,CASSSFGGRELFF
LPRRSGAAGA,0,CASSQGSYGYTF
KRWIILGLNK,0,CASSVRSAYEQYF
GILGFVFTL,1,CASSIRSSYEQYF
LLQTGIHVRVSQPSL,0,CASSTHGADEQYF
KRWIILGLNK,0,CASSIRSLDTQYF
GILGFVFTL,1,CASSIRSSYEQYF
YLQPRTFLL,0,CASSIRSTGELFF
GILGFVFTL,1,CASSLVVTSGFNEQFF
GILGFVFTL,1,CASSTGTLYGYTF
HPKVSSEVHI,0,CASSVHGGANTEAFF
DATYQRTRALVR,0,CASSIRSSYEQYF
GILGFVFTL,1,CASSIRSSYEQYF
GILGFVFTL,1,CASSQGPTGGYVSEAFF
GILGFVFTL,1,CASSMGSYGYTF
SGPLKAEIAQRLED,0,CASSIRSGYEQFF
GILGFVFTL,1,CASSQGAYGYTF
RPPIFIRRL,0,CASSSAGPYGYTF
GILGFVFTL,1,CASSTRSSYEQYF
RPRGEVRFL,0,CAASGRASETQYF
QARQMVQAMRTIGTHP,0,CASSIGLYGYTF
GILGFVFTL,1,CASSSPGGMETQYF
AVFDRKSDAK,0,CASSIRSTYEQYF
GILGFVFTL,1,CASSIRSTGELFF
GILGFVFTL,1,CASNDRGNGYTF
GILGFVFTL,1,CASSIGVYGYTF
GILGFVFTL,1,CASSTRSAYEQYF
GILGFVFTL,1,CRYKGQGVSGANVLTF
YLQPRTFLL,0,CASSQDGFGLFNEQFF
GILGFVFTL,1,CASSIRSSYEQYF
FRDYVDRFYKTLRAEQASQE,0,CASAHPRASGSTDTQYF
GILGFVFTL,1,CASSTHGGGNTEAFF
LPRRSGAAGA,0,CASSIFYSSTDTQYF
GILGFVFTL,1,CATYLSRDRDSPLHF
GILGFVFTL,1,CASSVRSSYEQYF
GILGFVFTL,1,CASSARSSYEQYF
FLRGRAYGL,0,CASSIRSAYEQYF
RLRAEAQVK,0,CASSIRSSYEQYF
GILGFVFTL,1,CASKGTSGGVNEQFF
TPRVTGGGAM,0,CASSSRDGGTDTQYF
GILGFVFTL,1,CASSLTTGGRNEQFF
CINGVCWTV,0,CASSDSIQSTDTQYF
GILGFVFTL,1,CASSIRSSNEQYF
GILGFVFTL,1,CASSTTSGGLNEQFF
GTSGSPIINR,0,CASAPDGFFYGYTF
FRDYVDRFYKTLRAEQASQE,0,CASSSRSSYEQYF
GILGFVFTL,1,CASSIRSGNEQFF
GILGFVFTL,1,CASSVRSSYEQYF
SFHSLHLLF,0,CASSIRSSYEQYF
DPFRLLQNSQVFS,0,CASSIRSTDTQYF
GILGFVFTL,1,CASSTRSSYEQYF
LLWNGPMAV,0,CASSARSSYEQYF
MLNIPSINV,0,CASSPEDRVGDNTEAFF
GLCTLVAML,0,CASSIRSSYEQYF
RAKFKQLL,0,CASSIRSNTEAFF
GILGFVFTL,1,CASSFLDRGPNTEAFF
GILGFVFTL,1,CASSTYSRQPQHF
FLYNLLTRV,0,CASSSTGGGEKDQPQHF
TPGPGVRYPL,0,CASSKRSGAEAFF
DATYQRTRALVR,0,CASSTRSTDTQYF
GILGFVFTL,1,CASSPRSNQPQHF
SGPLKAEIAQRLED,0,CASSLAQRSEQYF
RLRAEAQVK,0,CASSARAGITQYF
GILGFVFTL,1,CASSMRSSDTQYF
FPRPWLHGL,0,CASSARSSTEQYF
YSEHPTFTSQY,0,CASSLRDGSEAFF
CINGVCWTV,0,CASSIRSGVEQYF
SGPLKAEIAQRLED,0,CASSEKDRTVGTDTQYF
GILGFVFTL,1,CASSIRSTTEAFF
GILGFVFTL,1,CASSIRSSYEQYF
MLNIPSINV,0,CASSIRSSDTQYF
GILGFVFTL,1,CASSQGSEAFF
YSEHPTFTSQY,0,CATSGYLLDRSTDTQYF
LPRRSGAAGA,0,CASSPHGGGNTEAFF
RPRGEVRFL,0,CASSLLGGWSEAFF
YSEHPTFTSQY,0,CASRPNEGPYEQYF
GILGFVFTL,1,CASSQRASYEQYF
GILGFVFTL,1,CASSQDRREQYF
ATDALMTGY,0,CATSGQPQETQYF
RAKFKQLL,0,CASSIYSVNEQFF
ATDALMTGY,0,CASSLLFGGGDSYNEQFF
ARMILMTHF,0,CASSFRSTDTQYF
GILGFVFTL,1,CASAVGNEQFF
GTSGSPIIDK,0,CASSFLGANEQFF
TPQDLNTML,0,CASSMRSGAVTQYF
DATYQRTRALVR,0,CASSIVSQGELFF
GILGFVFTL,1,CASSFATKQYF
GILGFVFTL,1,CASSHRSTDTQYF
GILGFVFTL,1,CASSIRGSDTQYF
GILGFVFTL,1,CASSGRSAGELFF
GILGFVFTL,1,CASSYSNTQNEAFF
GILGFVFTL,1,CASSYYSNQPQHF
GILGFVFTL,1,CASSETGSTYEQYF
IPSINVHHY,0,CAVQMGRGYTF
GILGFVFTL,1,CASRPGGGYEQYF
GILGFVFTL,1,CASSLLSSAGEAFF
GILGFVFTL,1,CSAPVVTGPTDTQYF
FLYNLLTRV,0,CSVPPLGGIGETQYF
GLIYNRMGAVTTEV,0,CASSGRSSDTQYF
ISPRTLNAW,0,CASSSTGGPKNEQFF
GILGFVFTL,1,CASSMTSTDTQYF
NEGVKAAW,0,CASSIRSGGTEAFF
EPLPQGQLTAY,0,CASSIVGAAKNIQYF
KRWIIMGLNK,0,CASSIRASQPQHF
GILGFVFTL,1,CSALPFYGYTF
GILGFVFTL,1,CASSQDPGGQETQYF
YVLDHLIVV,0,CASSLWDRAKANYGYTF
QARQMVQAMRTIGTHP,0,CASGLGGESYEQYF
GILGFVFTL,1,CASSYGQGLPLHF
GLCTLVAML,0,CASSTRSSTEQYF
GILGFVFTL,1,CASTIGLARGAGTGELFF
GILGFVFTL,1,CASSSRAGGDTQYF
EPLPQGQLTAY,0,CAISPGQGIGYGYTF
GILGFVFTL,1,CASSLGKTSETEETQYF
GILGFVFTL,1,CASSIYGSYEQYF
FPRPWLHGL,0,CASSLFRGPETQYF
GTSGSPIIDK,0,CASSGGHQNNEKLFF
GILGFVFTL,1,CASSIRSSYNEQFF
VTEHDTLLY,0,CASSLRTSGGHVQETQYF
EIYKRWII,0,CASSVAPDTQYF
GILGFVFTL,1,CASSFSQGEQETQYF
GILGFVFTL,1,CASSTTWTRWDHNEQFF
DATYQRTRALVR,0,CARALFGNTIYF
GTSGSPIINR,0,CASSQGVGGPATNEKLFF
DPFRLLQNSQVFS,0,CASSIYSGVWNEQFF
GILGFVFTL,1,CASSQERGGRYTEAFF
GILGFVFTL,1,CASSLYSGGRNTGELFF
EPLPQGQLTAY,0,CASSLYSGGRNTGELFF
HPKVSSEVHI,0,CASSLGTGPYNEQFF
GILGFVFTL,1,CASGTPWEQYF
GILGFVFTL,1,CASSMHGASELYF
LPRRSGAAGA,0,CATRSSDGGNQPQHF
GILGFVFTL,1,CASSVSGSTDTQYF
RPPIFIRRL,0,CASSDLSTDTQYF
QARQMVQAMRTIGTHP,0,CASSGRSTGEQYF
GILGFVFTL,1,CASSRTSGGLNEQFF
GILGFVFTL,1,CSVEGRPGHTEAFF
GILGFVFTL,1,CASSQDRGTSTDTQYF
GILGFVFTL,1,CASSPRGRLNEQFF
LLLGIGILV,0,CASGIRSSYEQYF
RPRGEVRFL,0,CASSATVNTEAFF
GILGFVFTL,1,CASSINSYSGNTIYF
GILGFVFTL,1,CASSMIGTGALNEQFF
SLYNTVATL,0,CASSQDHGSGELFF
YSEHPTFTSQY,0,CASSSRAAAEAFF
GILGFVFTL,1,CANSARDHSDPNTGELFF
NLSALGIFST,0,CASSIRSSYKQYF
YLQPRTFLL,0,CSGAGVVAGGFNTGELFF
GILGFVFTL,1,CASSLSPAGTASYGYTF
YVLDHLIVV,0,CASSWLAGDNEQFF
GILGFVFTL,1,CASSWVGYEQYF
GILGFVFTL,1,CASSYSEGSYEQYF
SLYNTVATL,0,CASRSGNYGEQYF
FRDYVDRFYKTLRAEQASQE,0,CASSIMIRSEAFF
VTEHDTLLY,0,CASSIVSRDTQYF
GILGFVFTL,1,CASSPFGVGNSPLHF
KRWIIMGLNK,0,CASSIRGSTEAFF
GILGFVFTL,1,CASSIVSGDEQFF
TPGPGVRYPL,0,CASQGLAGLNEQFF
GILGFVFTL,1,CSVGEGQVTEAFF
GILGFVFTL,1,CASSIVSRAEQYF
GTSGSPIIDK,0,CASSVHGVSEQYF
TPGPGVRYPL,0,CASSFRDPHQPQHF
GILGFVFTL,1,CASGGTSTDTQYF
KLVALGINAV,0,CASRSGAEVFF
GILGFVFTL,1,CASSSHHGQEQYF
GILGFVFTL,1,CASTIMGSGNTIYF
GILGFVFTL,1,CASGVGQGYEQYF
EIYKRWII,0,CASSISSTGELFF
GILGFVFTL,1,CASSTRAADTQYF
GILGFVFTL,1,CASSIGSYGYTF
FLYNLLTRV,0,CASSIRSAYEQFF
GILGFVFTL,1,CASSIRSSYEQYF
YSEHPTFTSQY,0,CASSYRSTLEQFF
ELAGIGILTV,0,CASSIRSTGELFF
FLYNLLTRV,0,CASSIRSGEPQHF
GILGFVFTL,1,CASSMRSSWEQYF
GTSGSPIIDK,0,CASSLAEVHNEQFF
GLCTLVAML,0,CASSPDSDAYEQYF
GILGFVFTL,1,CASSQGRQETQYF
CINGVCWTV,0,CASSREPNPNYGYTF
GILGFVFTL,1,CASSSKLADQETQYF
GILGFVFTL,1,CAWRGAQGYTF
GILGFVFTL,1,CAWSPGTVSEQYF
GILGFVFTL,1,CSALHGSVGLNQPQHF
GILGFVFTL,1,CSVEDEGLTDTQYF
DPFRLLQNSQVFS,0,CASSMRSTDTQYF
GILGFVFTL,1,CASSSRASYEQYF
GILGFVFTL,1,CASSTRSSSEQYF
GTSGSPIVNR,0,CASSIFASGNTQYF
GTSGSPIVNR,0,CASSIRSMDIQYF
GLIYNRMGAVTTEV,0,CASSMRSTDTQYF
EPLPQGQLTAY,0,CASSTYSTDTQYF
GILGFVFTL,1,CASSVYSNQPQHF
GILGFVFTL,1,CASSQERGGKWAYEQYF
IPSINVHHY,0,CASSPRQGIETQYF
GILGFVFTL,1,CASSTVSSYEQYF
YLQPRTFLL,0,CASSIRSAYEQYF
LLLGIGILV,0,CASSIRSTGELFF
NLSALGIFST,0,CASSMRGSDTQYF
YLQPRTFLL,0,CASSIRSTGELFF
GILGFVFTL,1,CASSIRSAYEQYF
AMFWSVPTV,0,CATSDISITEAFF
GILGFVFTL,1,CASSTRSTSPGHF
IVTDFSVIK,0,CASSIYSGQPQHF
GILGFVFTL,1,CASSIRSAYEQYF
LPRRSGAAGA,0,CASSIVAGVEQFF
YVLDHLIVV,0,CASSIRSAYERYF
LPRRSGAAGA,0,CASSIAGETEAFF
GILGFVFTL,1,CASSVFGTDTQYF
GILGFVFTL,1,CASSSRAGNTIYF
KRWIILGLNK,0,CASSSRSGHEQFF
YVLDHLIVV,0,CASSIPATEAFF
RAKFKQLL,0,CASSIGSATEAFF
KRWIILGLNK,0,CASSIRSSVEQFF
KRWIILGLNK,0,CASSIRSGEPQHF
PKYVKQNTLKLAT,0,CASSIRSGNTEAFF
GILGFVFTL,1,CASSSRSSYEQYF
AMFWSVPTV,0,CASSSRASYEQYF
LLQTGIHVRVSQPSL,0,CASSTRSTDTQYF
GILGFVFTL,1,CASSISSTGELFF
GILGFVFTL,1,CASSPHGAAEQYF
GILGFVFTL,1,CASSPHEAAEQYF
GILGFVFTL,1,CASSIRSSYEQFF
MLNIPSINV,0,CASSQMTGLNTEAFF
GILGFVFTL,1,CASSSRSSYEQYF
RPRGEVRFL,0,CASSPRDGQETQYF
GILGFVFTL,1,CASSIGTYGYTF
GILGFVFTL,1,CASSIRSSYEQYF
PKYVKQNTLKLAT,0,CASSIRSSYEQYF
VTEHDTLLY,0,CASSIRSSYEQYF
GILGFVFTL,1,CASSQFNEKLFF
GILGFVFTL,1,CASSPRSGSTEAFF
GTSGSPIINR,0,CASSMRSADTQYF
GILGFVFTL,1,CASSSRSHQPQHF
KLGGALQAK,0,CASSSRSHQPQHF
RPRGEVRFL,0,CASSSRSSYEQYF
YVLDHLIVV,0,CASSIRSSYEQYF
GILGFVFTL,1,CASSIRSSYEQYF
EPLPQGQLTAY,0,CASSVSSYNEQFF
NLVPMVATV,0,CSVGTGGTNEKLFF
GLCTLVAML,1,CSAWTGTEAFF
LLQTGIHVRVSQPSL,0,CASSPDVGYTF
GLCTLVAML,1,CASSPVTGSSYEQYF
FRDYVDRFYKTLRAEQASQE,0,CSARSETGNTIYF
GLCTLVAML,1,CSARDGTGNGYTF
NLSALGIFST,0,CSARDQTGNGYTF
LLLGIGILV,0,CSARDRVGNTIYF
GLCTLVAML,1,CSAPGQEISTEAFF
NEGVKAAW,0,CASTSGQTFPGELFF
TPGPGVRYPL,0,CSARAGVGNTIYF
GLCTLVAML,1,CASSKTGGLNQPQHF
GLIYNRMGAVTTEV,0,CASSLGGGPQETQYF
GLCTLVAML,1,CASSLWNTEAFF
GLCTLVAML,1,CASSQSPGGTQYF
GLCTLVAML,1,CASSYRGDRPEAFF
KLVALGINAV,0,CSARVGVGNTIYF
GLCTLVAML,1,CASSFGQGLSGANVLTF
PKYVKQNTLKLAT,0,CASSLFSGGLNEQFF
AVFDRKSDAK,0,CASSLPQGEQYF
GLCTLVAML,1,CASSLVRGGNEQFF
GLCTLVAML,1,CASSPGYEQYF
LLQTGIHVRVSQPSL,0,CASSPPGQGIYGYTF
ARMILMTHF,0,CASSPVGAASSYEQYF
GLCTLVAML,1,CASSQDGSGGLGEQFF
GLCTLVAML,1,CASSQEPGLVGGELFF
GLCTLVAML,1,CASSQLAGVETQYF
GLCTLVAML,1,CASSQSGNTEAFF
GPGHKARVL,0,CASSSRGTYEQYF
RPRGEVRFL,0,CASSYRNTIYF
GLCTLVAML,1,CSVDGGTTNTGELFF
GLCTLVAML,1,CASFGGGGRNTEAFF
RPPIFIRRL,0,CASSEYPGYYGYTF
AMFWSVPTV,0,CASSISGPSNQPQHF
GLCTLVAML,1,CASSLAIGELFF
GLCTLVAML,1,CASSLAWGQLSGYTF
GLCTLVAML,1,CASSLLTLGGADTQYF
GLCTLVAML,1,CASSLMTGRETQYF
NLVPMVATV,0,CASSLMTGRETQYF
AMFWSVPTV,0,CASSLRDGGLNYGYTF
YVLDHLIVV,0,CASSLWRLGKAYEQYF
GLCTLVAML,1,CASSPLVRGRFSNQPQHF
YLQPRTFLL,0,CASSQSPSGTQYF
GTSGSPIVNR,0,CASSRGHALDQPQHF
GLCTLVAML,1,CSARAGADTEAFF
GLIYNRMGAVTTEV,0,CSARSRPVGNTIYF
GLCTLVAML,1,CSVESLGAPKSSGNTIYF
GLCTLVAML,1,CSARGGTGNGYTF
GLCTLVAML,1,CSVEYSPTLYNEQFF
EPLPQGQLTAY,0,CSVPSLLNTEAFF
GLCTLVAML,1,CSVEDQRKTKNIQYF
GLCTLVAML,1,CSATVTGGWNEQFF
RPRGEVRFL,0,CASSLGNTEAFF
GLCTLVAML,1,CASSVAELAGGTDTQYF
GLCTLVAML,1,CASSQSPGGYQFF
GLCTLVAML,1,CSARLRKLSGNTIYF
KLGGALQAK,0,CASSVAGGDEQFF
NLVPMVATV,0,CSARDRTGNGYTF
KLGGALQAK,0,CSVPITVQETQYF
LLWNGPMAV,0,CASSPGTLSAGELFF
GLCTLVAML,1,CASSQAGTGVTEAFF
GLCTLVAML,1,CASSEGRVLPGELFF
KRWIILGLNK,0,CASSPLAGKGEPQHF
GLCTLVAML,1,CSVGTGGTNEKLFF
GLCTLVAML,1,CASTPDGDNEQFF
GLCTLVAML,1,CASSSNANYGYTF
PKYVKQNTLKLAT,0,CAISESRRAISEQFF
GLCTLVAML,1,CASSYQGTEAFF
TPQDLNTML,0,CASRGSGEKLFF
GLCTLVAML,1,CASSSHTGGFGYTF
EPLPQGQLTAY,0,CASSLRDRRTTDTQYF
SFHSLHLLF,0,CASSSGQPNTGELFF
KLGGALQAK,0,CASSYGAGEDTQYF
GLCTLVAML,1,CASTTGTGGGEQYF
NEGVKAAW,0,CASTTGTGGGEQYF
PKYVKQNTLKLAT,0,CAISDGQGPYEQYF
KRWIIMGLNK,0,CASSALPAGGITGELFF
KRWIILGLNK,0,CASSPLDNWEQFF
HPKVSSEVHI,0,CAISESIVTEAFF
GLCTLVAML,0,CASSLVDREELFF
GLIYNRMGAVTTEV,1,CSATTGNPGQPQHF
IVTDFSVIK,0,CASSPDYGGTTF
GLIYNRMGAVTTEV,1,CASSFGTSGNNEQFF
GLIYNRMGAVTTEV,1,CASSPEGTSGYNEQFF
TPGPGVRYPL,0,CASRRQGREKLFF
NEGVKAAW,0,CASSIETSPGDTQYF
GPGHKARVL,1,CASSLESGSSYNEQFF
GPGHKARVL,1,CASSPSGTPYEQYF
GPGHKARVL,1,CATSRLGITPNSPLHF
GTSGSPIIDK,1,CATSRDRGISNYGYTF
GTSGSPIIDK,1,CASGRTGPPNLWQFF
KRWIIMGLNK,0,CASSAPAGGGKEQFF
EIYKRWII,0,CASSYRGGRAGETQYF
GTSGSPIINR,1,CASSPSQETQYF
RPPIFIRRL,0,CASSSDRGSSPLHF
LLLGIGILV,0,CASSLGGTDQPQHF
GTSGSPIINR,1,CASSLGPEVELFF
QARQMVQAMRTIGTHP,0,CATSGRDRPNNEQFF
GTSGSPIINR,1,CASSFGAGSQETQYF
GPGHKARVL,0,CASSFGAGSQETQYF
KAFSPEVIPMF,0,CASSTGAGAPFGYTF
GTSGSPIINR,1,CASSLGQGLLYGYTF
KRWIIMGLNK,0,CASSLGSYEQYF
SLYNTVATL,0,CASSLGNNEQFF
YSEHPTFTSQY,0,CASTRGGGGYEQYF
GTSGSPIVNR,1,CASSLGYQGYEQFF
RPRGEVRFL,0,CASSLGAGTADFGYTF
GTSGSPIVNR,1,CASSLGTENTIYF
GLIYNRMGAVTTEV,0,CASNPGSYEQYF
EIYKRWII,0,CASSLGTREAFF
GTSGSPIINR,0,CASRRPREGLANEQFF
RAKFKQLL,0,CATSGRDRPNNEQFF
GTSGSPIVNR,1,CASSYRGGRAGETQYF
GLCTLVAML,0,CASSLGQGDFEQYF
GTSGSPIVNR,1,CASSPAGGTYEQYF
QARQMVQAMRTIGTHP,0,CASSVSGDLGDTQYF
GTSGSPIVNR,1,CASSLGPEDTQYF
CINGVCWTV,0,CSATSRQGGREQYF
IPSINVHHY,1,CASSSGGVYEQYF
SFHSLHLLF,0,CASKGQGARDGYTF
RAKFKQLL,0,CASSLAQGWKTQYF
ISPRTLNAW,1,CASSLRGGGASYNEQFF
FLYNLLTRV,0,CASSRQLGTGELFF
ISPRTLNAW,1,CSALQLGGAGANEQFF
IVTDFSVIK,1,CASSWGGGSHYGYTF
SGPLKAEIAQRLED,0,CASSWGGGSHYGYTF
IVTDFSVIK,1,CASSWGGGSHYGYTF
IVTDFSVIK,1,CASRQRDRPNNEQFF
ELAGIGILTV,0,CASRQRDRPNNEQFF
LLQTGIHVRVSQPSL,0,CASSWGGGSHYGYTF
FLYNLLTRV,0,CASSWGGGSHYGYTF
IVTDFSVIK,1,CASSLLTSGGGSDTQYF
KLGGALQAK,0,CAISDPGLAGGGGEQFF
ELAGIGILTV,0,CASSPSSSYEQYF
QVPLRPMTYK,0,CASSESWGPYEQYF
IVTDFSVIK,1,CASSVEGAGGANVLTF
AMFWSVPTV,0,CASSVEGAGGANVLTF
FLRGRAYGL,0,CASSFLDRGPNTEAFF
IVTDFSVIK,1,CASSPLIRGLNEKLFF
GILGFVFTL,0,CASSLVPGIAEAFF
IVTDFSVIK,1,CASIPAGGPGDTQYF
QARQMVQAMRTIGTHP,0,CASSLAGGMDTEAFF
IVTDFSVIK,1,CASSEDRHTGELFF
IVTDFSVIK,1,CASSASGGSYEQYF
IVTDFSVIK,1,CASSLWERGASYNEQFF
RLRAEAQVK,0,CASSEFGRTNEKLFF
KRWIIMGLNK,0,CASSEHMGGQGRVYGYTF
IVTDFSVIK,1,CASRRLAGGSRETQYF
IVTDFSVIK,1,CASRTGLASTDTQYF
GLCTLVAML,0,CASRTGLASTDTQYF
IVTDFSVIK,1,CASSVGFSSGRGETQYF
IVTDFSVIK,1,CASSHTSADEQFF
KLGGALQAK,0,CASTSLAGSRNEQFF
VTEHDTLLY,0,CASSLERGEQYF
GTSGSPIINR,0,CASLSRGLLNEAFF
KRWIILGLNK,0,CASSGQGYGYTF
KAFSPEVIPMF,1,CATSDRMDNEQFF
KAFSPEVIPMF,1,CASSTTYGYTF
KAFSPEVIPMF,1,CASSPGQGFKTQYF
GTSGSPIVNR,0,CASSGQGYGYTF
KAFSPEVIPMF,1,CASSDPGQYGYTF
NLVPMVATV,0,CASSPRDSKETQYF
KAFSPEVIPMF,1,CASSLAGGQETQYF
VTEHDTLLY,0,CASEITRDRRNTIYF
KAFSPEVIPMF,1,CASSLGLDETQYF
AMFWSVPTV,0,CASSLGLDETQYF
TPQDLNTML,0,CASSWPGGTEAFF
KLGGALQAK,1,CASSHRSGTEAFF
SFHSLHLLF,0,CASSTDRAAQPQHF
KLGGALQAK,1,CASTYAVTGNTEAFF
KLVALGINAV,0,CSVTEDEKLFF
GLCTLVAML,0,CASSFGTPTTGELFF
KLGGALQAK,1,CASSEDPWGSYNEQFF
KLGGALQAK,1,CASNEQFSHSPLHF
LLLGIGILV,0,CSVSASGGDEQYF
TPGPGVRYPL,0,CASSPPGSDEQFF
MLNIPSINV,0,CASSTGTAYGYTF
KLGGALQAK,1,CAISVRSRSPLHF
TPGPGVRYPL,0,CASSPPAGGQNSPLHF
RAKFKQLL,0,CASSLTSGGATDTQYF
KLGGALQAK,1,CASRLAGGRDEQFF
KLGGALQAK,1,CASSITLADGYTF
QVPLRPMTYK,0,CSASEGAGEVYGYTF
KLGGALQAK,1,CASSEGQGWTEAFF
GTSGSPIIDK,0,CASREGQGAGYEQYF
ARMILMTHF,0,CATSLRMNTEAFF
YVLDHLIVV,0,CASSFLAGGYNEQFF
SFHSLHLLF,0,CASSQGPAGLTDTQYF
YVLDHLIVV,0,CASSPGTPIGTQYF
YLQPRTFLL,0,CASSHSSGGVADTQYF
YVLDHLIVV,0,CASSMWGRQLNTEAFF
DATYQRTRALVR,0,CASRETGGSAYEQYF
KLGGALQAK,1,CASSYTGYSSPLHF
KLGGALQAK,1,CATSKRVRTDTQYF
KLGGALQAK,1,CASSPRTGGRDTIYF
RPPIFIRRL,0,CSALPPLAGGHTDTQYF
GTSGSPIINR,0,CASSTGTEAFF
GTSGSPIIDK,0,CSARNPSGTNNEQFF
KLGGALQAK,1,CASSLPVEVNTEAFF
KLGGALQAK,1,CASSEGWQGANTQYF
KLGGALQAK,1,CASSLIGILYNEQFF
KLGGALQAK,1,CASSFPTSGRGLAETQYF
TPGPGVRYPL,0,CASSQDMGGIDEQYF
LLWNGPMAV,0,CASSQGEGRETQYF
KLGGALQAK,1,CASSLAGMGAVNYGYTF
NLVPMVATV,0,CASSPPPDNEQFF
KLGGALQAK,1,CASSPDWTSFNEQFF
DPFRLLQNSQVFS,0,CASSFSYQGPYMFF
LPRRSGAAGA,0,CASSTRDRGSYEQYF
LPRRSGAAGA,0,CASSQEGEGAYTF
YVLDHLIVV,0,CATSRDLANQETQYF
KRWIILGLNK,0,CASSQGAGIGRTDTQYF
GTSGSPIIDK,0,CSARRGTGGSPLHF
YSEHPTFTSQY,0,CASSQLGRGDNEQFF
FRDYVDRFYKTLRAEQASQE,0,CSASDVGLNQPQHF
RLRAEAQVK,0,CASSLSGQGGWDEQYF
TPGPGVRYPL,0,CASSYVGGAGETQYF
RAKFKQLL,0,CASSYSSGNTIYF
IVTDFSVIK,0,CASSLTGGKGNEQFF
KLGGALQAK,1,CASSQGQLSTDTQYF
KLGGALQAK,1,CASSYPFGVGPDTQYF
FPRPWLHGL,0,CASSLFAGERSPLHF
QVPLRPMTYK,0,CASSSSDTQYF
ISPRTLNAW,0,CASSQELGPRETQYF
KLGGALQAK,1,CASSQGTQDGYTF
KLGGALQAK,1,CASSFARRVNTEAFF
KLGGALQAK,1,CATSREVVGPGELFF
KLGGALQAK,1,CASSLDGLVTGNTIYF
KLGGALQAK,1,CASSLYVSYPKNTIYF
AMFWSVPTV,0,CASSPRTSEQFF
KLGGALQAK,1,CASSFGQGANTEAFF
KLGGALQAK,1,CASSPDTGELFF
KLGGALQAK,1,CASSLGQINEQFF
KLGGALQAK,1,CSASRSGQETQYF
KLGGALQAK,1,CASSPSAGGAYNEQFF
KLGGALQAK,1,CASSSRTSGGAGQFF
KLGGALQAK,1,CASSYFSATNEQFF
LPRRSGAAGA,0,CASSGYWGLGYGYTF
TPRVTGGGAM,0,CASSPRGLSSYEQYF
KLGGALQAK,1,CASNGNTDTQYF
RAKFKQLL,0,CASSLGLSGLGYEQYF
SGPLKAEIAQRLED,0,CASSSGGDYNEQFF
KLGGALQAK,1,CASSLTSGNTEAFF
EPLPQGQLTAY,0,CASSQEEAGTGELFF
GILGFVFTL,0,CASSFAGSYEQYF
GLIYNRMGAVTTEV,0,CASSLLAPPPHNEQFF
KLGGALQAK,1,CASSLGGRRQPQHF
KLGGALQAK,1,CASSLDTSGSPYEQYF
FLKEKGGL,0,CSALPPLAGGHTDTQYF
KLGGALQAK,1,CASSPGTLAGELFF
KLGGALQAK,1,CASSIDSNEKLFF
LLQTGIHVRVSQPSL,0,CASSQGQGATEAFF
RAKFKQLL,0,CATRKTGNEQFF
TPGPGVRYPL,0,CSVPGGETETQYF
KLGGALQAK,1,CASSFSGGSYNEQFF
SLYNTVATL,0,CASRETGGYTEAFF
GTSGSPIINR,0,CASSEGSSGNTIYF
KAFSPEVIPMF,0,CATSRLASSYNEQFF
CINGVCWTV,0,CSARDLPSGGDNEQFF
KLGGALQAK,1,CASSLTGYQTQYF
KRWIIMGLNK,0,CAWSWGSGGEQYF
KLGGALQAK,1,CSARDLGSTEIYEQYF
KLGGALQAK,1,CASSERQEGNTEAFF
KLGGALQAK,1,CASSLRGIDEQYF
NEGVKAAW,0,CASSNSAGELFF
KLGGALQAK,1,CSVQGAPGANVLTF
NLSALGIFST,0,CASSPGGGNEQFF
KLGGALQAK,1,CASSLTLSSYEQYF
KLGGALQAK,1,CASKGLGADTGELFF
KLGGALQAK,1,CASSLGDRLPYNEQFF
KLGGALQAK,1,CASSLGVAGTNTGELFF
YSEHPTFTSQY,0,CASGFGGDRPDRRAEAFF
KLGGALQAK,1,CAPLVAGGGIGTKNIQYF
EIYKRWII,0,CASSPGTALSYEQYF
KLGGALQAK,1,CATSSPGGYTGELFF
KLGGALQAK,1,CASSSGLAGVNEQFF
KLGGALQAK,1,CASSYQATGPQETQYF
CINGVCWTV,0,CASSTPQGNIQYF
IPSINVHHY,0,CASSLGVAGTNTGELFF
KLGGALQAK,1,CASSLVGGTDEKLFF
KLGGALQAK,1,CASSSTGGGEKDQPQHF
NEGVKAAW,0,CASLRSGGDEQFF
QVPLRPMTYK,0,CASSPGTHNEQFF
KLGGALQAK,1,CASSFDSKAFF
GTSGSPIINR,0,CASSPNSPAGQYF
KLGGALQAK,1,CASSLGGGNNEQFF
QVPLRPMTYK,0,CASSLWVGSGEAFF
GLCTLVAML,0,CASRPRGATDTQYF
YSEHPTFTSQY,0,CASSLQGYNEQFF
ATDALMTGY,0,CASSSPPLDTQYF
ARMILMTHF,0,CASSLEAGNTEAFF
AMFWSVPTV,0,CASRSSGQGAAMNTEAFF
NEGVKAAW,0,CASSLVGVRYEQYF
KLGGALQAK,1,CASSLPHYSDTGSYEQYF
KLGGALQAK,1,CASSLGTAGFEQFF
KLGGALQAK,1,CSARDLTGRIYEQYF
DATYQRTRALVR,0,CASSLHPREAQHF
YSEHPTFTSQY,0,CASSYMMGQGGETQYF
FLKEKGGL,0,CASSLGVAGTNTGELFF
KLGGALQAK,1,CASSRAPNTEAFF
KLGGALQAK,1,CASSLSLHGNQPQHF
KLGGALQAK,1,CASSSQGDTQYF
GLCTLVAML,0,CASSDSDPGPSTDTQYF
KLGGALQAK,1,CASRPQQGHNSPLHF
YVLDHLIVV,0,CASSSGQGWEQPQHF
KLGGALQAK,1,CAISEPTFMDTEAFF
IVTDFSVIK,0,CASSGGGYEQYF
QARQMVQAMRTIGTHP,0,CSARDGRREYEQYF
KLGGALQAK,1,CASSPPDRGGTEAFF
FPRPWLHGL,0,CASSFFRSGGSLNYGYTF
KLGGALQAK,1,CASSVAGGTDTQYF
KLGGALQAK,1,CASSWTGGYTF
KLGGALQAK,1,CASSPSVPAEYNSPLHF
KRWIILGLNK,0,CSVGSDIYGYTF
KLGGALQAK,1,CASSIGGVGYTF
KLGGALQAK,1,CARLLTLAPTGELFF
KLGGALQAK,1,CASSFQGAGTGELFF
AVFDRKSDAK,0,CASSLEAGGPYEQYF
KLGGALQAK,1,CASTPIESSTDTQYF
ATDALMTGY,0,CASSSYSYEQYF
KLGGALQAK,1,CASSLVGGTDEKLFF
EPLPQGQLTAY,0,CASSYSGSGELFF
AVFDRKSDAK,0,CASSATSGVAGELFF
KLGGALQAK,1,CASSSRDGGTDTQYF
FPRPWLHGL,0,CASSLVVPYEQYF
KLGGALQAK,1,CASRGQQETQYF
LPRRSGAAGA,0,CASSLEWGGETQYF
KLGGALQAK,1,CASQGSNSPLHF
KLGGALQAK,1,CSVELLDYGYTF
LLWNGPMAV,0,CSVGSGDHGEQFF
KLGGALQAK,1,CASRVSGGEEQYF
SGPLKAEIAQRLED,0,CASSLTVLYGYTF
KLGGALQAK,1,CASSFFAGPNTGELFF
VTEHDTLLY,0,CASGDLGGYGYTF
SLYNTVATL,0,CASRGLADYEQYF
KLGGALQAK,1,CSVIGTGGRENIQYF
FPRPWLHGL,0,CASNAFDYEQYF
KLGGALQAK,1,CASSIGAAQYF
YLQPRTFLL,0,CASSLSEAGARNTEAFF
FLRGRAYGL,0,CASSYGRGSGETQYF
AVFDRKSDAK,0,CASSLDSSYEQYF
KLGGALQAK,1,CASSLGTGGSYEQYF
EIYKRWII,0,CATRAGQPYEQYF
KLGGALQAK,1,CASSFNGQTNTEAFF
KLGGALQAK,1,CSARDFDLTGELFF
TPQDLNTML,0,CASSPTVEYEQYF
CINGVCWTV,0,CASSYPGRGHNEQFF
QVPLRPMTYK,0,CASSRLPGPIQYF
QVPLRPMTYK,0,CASSIYRTGDLNTEAFF
FLKEKGGL,0,CASSTWDLNTEAFF
RPRGEVRFL,0,CASSLFTEAFF
KLGGALQAK,1,CASSLGGYNEQFF
KLGGALQAK,1,CASSAGTGFFSGELFF
LLQTGIHVRVSQPSL,0,CAIGLAGANEQFF
IVTDFSVIK,0,CASSSGLEGETQYF
KLGGALQAK,1,CAWSPGQGPDGYTF
KLGGALQAK,1,CASSLRGGRNPYEQYF
KLGGALQAK,1,CASSPPFGGRVLTDTQYF
KLGGALQAK,1,CAISDLTGGRTEAFF
KLGGALQAK,1,CASSLTESGANVLTF
KLGGALQAK,1,CASSSAGISYNEQFF
LLQTGIHVRVSQPSL,0,CASSSAGISYNEQFF
KLGGALQAK,1,CASSMSRAGNTIYF
KLGGALQAK,1,CASSILQGDYGYTF
KLGGALQAK,1,CASSLKGGPTETQYF
KLGGALQAK,1,CASSLDSGVHTEAFF
KLGGALQAK,1,CSVEGNTEAFF
KLGGALQAK,1,CASRQTTSTDTQYF
KLGGALQAK,1,CSVFDRHTYNEQFF
KLGGALQAK,1,CATRLNTEAFF
TPRVTGGGAM,0,CASRDPGTTDYNEQFF
KLGGALQAK,1,CASSEESSGGYEQYF
KLGGALQAK,1,CASSYRTGDRYGYTF
AVFDRKSDAK,0,CASSPPDRLYGYTF
IPSINVHHY,0,CATSRDVRSGGSYEQYF
KLGGALQAK,1,CASSFDRDLNTEAFF
KLGGALQAK,1,CASSRVFTTNEKLFF
LLWNGPMAV,0,CASSPTASGSYTQYF
AVFDRKSDAK,0,CASSSYTGGLNQPQHF
KLGGALQAK,1,CASSDSIGGNEQFF
LPRRSGAAGA,0,CASSLSRNQPQHF
KLGGALQAK,1,CASSEGLAGGYEQFF
TPGPGVRYPL,0,CASSLAVGGYTF
KLGGALQAK,1,CASSQGLGTDSYEQYF
KLGGALQAK,1,CASSFDRGYNEQFF
RLRAEAQVK,0,CASSPSTPGNTEAFF
DPFRLLQNSQVFS,0,CASSSAGGDGYTF
IPSINVHHY,0,CASSQESGTSYEQYF
KLGGALQAK,1,CASSLPDRVDTEAFF
KLGGALQAK,1,CASRSTGSPEAFF
LLLGIGILV,0,CSVGTGTGVETQYF
KLGGALQAK,1,CSVEDWAAGATEAFF
KLGGALQAK,1,CASGRNEKLFF
ATDALMTGY,0,CASSEGDSNQPQHF
KLGGALQAK,1,CASSYSYGYTF
ATDALMTGY,0,CASSQISASYNEQFF
ATDALMTGY,0,CASSLEEGADTEAFF
MLNIPSINV,0,CASSLGESGANVLTF
RAKFKQLL,0,CASSFQGSPQETQYF
KLGGALQAK,1,CASSWEGTFLDTQYF
IVTDFSVIK,0,CAISEDRAPSNEQFF
KRWIILGLNK,0,CASTWTDTEAFF
KLGGALQAK,1,CASSRTTGGNTEAFF
KLGGALQAK,1,CASSLLGSNQPQHF
KLGGALQAK,1,CASSPRYDRDEQYF
FLKEKGGL,0,CASTGTSSVSGELFF
AMFWSVPTV,0,CASSFTDYGYTF
KLGGALQAK,1,CASSGTTRGTIYF
KRWIILGLNK,0,CASSPETGGETQYF
KLGGALQAK,1,CASSTGGRGNQPQHF
KAFSPEVIPMF,0,CASSLDWASSYNSPLHF
MLNIPSINV,0,CSARDSGTASYEQYF
KLGGALQAK,1,CASSLGGGPYNEQFF
KLGGALQAK,1,CASSPGPTHEQYF
FLRGRAYGL,0,CASSTRQGGTDTQYF
KRWIILGLNK,0,CASTSGGFGGGYTF
YVLDHLIVV,0,CASSFPDGNTEAFF
KLGGALQAK,1,CAWSVGSQGLVETQYF
IPSINVHHY,0,CSASDRDRGFYSNQPQHF
CINGVCWTV,0,CASSLAATRGALGDTQYF
FLYNLLTRV,0,CASSPGDFFRDTIYF
KLGGALQAK,1,CASSLVYGTGNTPLHF
RPPIFIRRL,0,CASSFNRGLGQPQHF
YLQPRTFLL,0,CASSLTALGTEAFF
KLVALGINAV,0,CASSEYVKGYTF
LPRRSGAAGA,0,CASLSSGGPDTQYF
KLGGALQAK,1,CASSRGDNQPQHF
KLGGALQAK,1,CASSSPTSGTYEQYF
KLGGALQAK,1,CASSLASVYGYTF
SFHSLHLLF,0,CASSLSSPGHPTDTQYF
KLGGALQAK,1,CASSESPRSATGELFF
KLGGALQAK,1,CSAWDRLNTEAFF
KLGGALQAK,1,CASNSGLGTEAFF
QARQMVQAMRTIGTHP,0,CASSTGLDEDEQFF
VTEHDTLLY,0,CATKGEAGGTDTQYF
KLGGALQAK,1,CAWSVLGKATEAFF
KLGGALQAK,1,CASSESEYVTEAFF
IVTDFSVIK,0,CASSLAGGTGELFF
KLGGALQAK,1,CASSLGSGSLPGELFF
KLGGALQAK,1,CASSSGGTYGYTF
KRWIILGLNK,0,CASRPLTGSLSGNTIYF
KLGGALQAK,1,CASSYGAGGYNEQFF
SFHSLHLLF,0,CASTTWDFNQPQHF
YVLDHLIVV,0,CASSMDMWTEAFF
KLGGALQAK,1,CASSLRWGGGYTF
RAKFKQLL,0,CASRPQGVYNEQFF
FLKEKGGL,0,CASSLPGGEDTEAFF
GTSGSPIIDK,0,CASSQRGNTEAFF
DPFRLLQNSQVFS,0,CASSFSGYNEQFF
YVLDHLIVV,0,CASSLQGNTEAFF
FLYNLLTRV,0,CASSFEQGGEAQHF
KLGGALQAK,1,CASSIGWETQYF
KLGGALQAK,1,CASSQAPRGWDEQFF
IPSINVHHY,0,CASSQAPRGWDEQFF
KLGGALQAK,1,CASEPGPVLNGYTF
KLGGALQAK,1,CASSLLARGTDTQYF
KLGGALQAK,1,CASSEGDTQYF
KLGGALQAK,1,CASSFATEAFF
AMFWSVPTV,0,CASYRPGAGELFF
VTEHDTLLY,0,CASSITGNTEAFF
KLVALGINAV,0,CASSIGSGVRSNQPQHF
TPRVTGGGAM,0,CASSWGTRTGESYEQYF
KLGGALQAK,1,CSGRGSGGIIYEQFF
KLGGALQAK,1,CASSPHPMNTEAFF
ISPRTLNAW,0,CASSYERGGPPNTGELFF
KLGGALQAK,1,CASSQEGDEQFF
KLGGALQAK,1,CATGTGGTGELFF
KLGGALQAK,1,CASSLGQLSYNEQFF
KLGGALQAK,1,CASSDSGGATDTQYF
IVTDFSVIK,0,CASILRASDTQYF
GLCTLVAML,0,CASSSVRDRDRSQPQHF
KLGGALQAK,1,CASSQADSSYNEQFF
KLGGALQAK,1,CASSQEWLQTGYTGELFF
KLGGALQAK,1,CASSLVGTSGRTQETQYF
LLWNGPMAV,0,CASSATPLRQPQHF
LPRRSGAAGA,0,CASSLLGTNYGYTF
LLWNGPMAV,0,CASSQGRDRHGYTF
KLGGALQAK,1,CASSITGETGSGNTEAFF
KLGGALQAK,1,CASSGPTGTGGYGYTF
SFHSLHLLF,0,CASRWDRSNTGELFF
KLGGALQAK,1,CASSETVSALNGYTF
GTSGSPIVNR,0,CASSYLTGIGTEAFF
FRDYVDRFYKTLRAEQASQE,0,CASSPVSGSYEQYF
KLGGALQAK,1,CASSLALGGHQPQHF
KLGGALQAK,1,CASVPFSGNTIYF
LPRRSGAAGA,0,CSVQTGRAFF
KLGGALQAK,1,CASSGPRQGNEKLFF
GTSGSPIIDK,0,CSVRRGYYGYTF
KLGGALQAK,1,CANQEGTGGSEQYF
KLGGALQAK,1,CASSQGPLGAGVQTQYF
KLGGALQAK,1,CASSLLSGRVNEQFF
KLGGALQAK,1,CASSLGSSSYNEQFF
KLGGALQAK,1,CATREDINQETQYF
KLGGALQAK,1,CASSPMDTQYF
KLGGALQAK,1,CSSPGGPNEKLFF
KLGGALQAK,1,CASSDNRDRGGGTEAFF
KLGGALQAK,1,CASGFFPLGLGNTIYF
KLGGALQAK,1,CASSLGLGTSNEQFF
IVTDFSVIK,0,CASRRSGANVLTF
SLYNTVATL,0,CASSVGLAGVSYNEQFF
VTEHDTLLY,0,CASSQAYPDRGSYNEQFF
IVTDFSVIK,0,CASSLQDRAYEQYF
KLGGALQAK,1,CASSQLTGTSPMELFF
FLYNLLTRV,0,CASSVPGQNNEQFF
FLRGRAYGL,0,CASSSIYRGYYSPLHF
EIYKRWII,0,CSARDLRGYTDTQYF
KLGGALQAK,1,CASSRNYGQETQYF
PKYVKQNTLKLAT,0,CSAPTGTNEKLFF
GPGHKARVL,0,CASSERDYLDSGANVLTF
KLGGALQAK,1,CSVVQPNTGELFF
FRDYVDRFYKTLRAEQASQE,0,CASSIAGSHEQYF
KLGGALQAK,1,CASSPVTGFNQPQHF
KLGGALQAK,1,CASSMSGPGTEAFF
EIYKRWII,0,CASSRPNEQYF
KLGGALQAK,1,CASSLIIGVSPNYGYTF
SGPLKAEIAQRLED,0,CAISETGGRTEAFF
ARMILMTHF,0,CASSLVDGNTEAFF
KLGGALQAK,1,CASSLATGGYGNTIYF
VTEHDTLLY,0,CASSGTGSETGELFF
KLGGALQAK,1,CASSQAIAGGSYEQYF
KLGGALQAK,1,CASSSLSGGRAFGELFF
HPKVSSEVHI,0,CASSWTQGSEQYF
KLGGALQAK,1,CATSRGGYEQFF
IVTDFSVIK,0,CASSPGTDSTNEKLFF
CINGVCWTV,0,CASSNGTGNEQFF
CINGVCWTV,0,CASSRLTSANIQYF
FRDYVDRFYKTLRAEQASQE,0,CASSQVFRGPPGELFF
ISPRTLNAW,0,CASSTLSYNQPQHF
KRWIILGLNK,0,CASSVGGLGTYTF
HPKVSSEVHI,0,CASSRDTEAFF
IPSINVHHY,0,CASSLLSTGAAGELFF
TPRVTGGGAM,0,CAEEGDRAGYTF
KLGGALQAK,1,CASSSRTGSGTDTQYF
KLGGALQAK,1,CASSHPQGTSYEQYF
YSEHPTFTSQY,0,CASSPPAGGNTEAFF
KLGGALQAK,1,CASSLNLNEQFF
TPRVTGGGAM,0,CASSLAPRNEAFF
KLGGALQAK,1,CASSPGLAPKDEQFF
KLGGALQAK,1,CASSLKADSRTDTQYF
ISPRTLNAW,0,CASRIGNTEAFF
RLRAEAQVK,0,CSVEVTEAFF
KLGGALQAK,1,CSARDPDNPDTQYF
GLCTLVAML,0,CASTEDRADTGELFF
KLGGALQAK,1,CASSLNGDTQYF
KAFSPEVIPMF,0,CASSFLSEDRVNEQFF
KLGGALQAK,1,CASSQSGTYNEQFF
FRDYVDRFYKTLRAEQASQE,0,CASSLPKTGYNEQFF
KLGGALQAK,1,CASSAGTGDIQYF
TPGPGVRYPL,0,CASSLGGAGAWGYEQFF
LLQTGIHVRVSQPSL,0,CASVRRLATGELFF
DPFRLLQNSQVFS,0,CASSSGRDTEAFF
KLGGALQAK,1,CASSQVQGAPTEAFF
KLGGALQAK,1,CASSPRTGGSYGYTF
KLGGALQAK,1,CSVENLPEAFF
KLGGALQAK,1,CASRTPSGYTGELFF
KLGGALQAK,1,CASRPHQETQYF
NEGVKAAW,0,CSVELTGVGDEQFF
CINGVCWTV,0,CASSYGAGGYNEQFF
KLGGALQAK,1,CASSGLSGGGGEQYF
TPRVTGGGAM,0,CATSAVDRGKNIQYF
ATDALMTGY,0,CASSYEGADEKLFF
KLGGALQAK,1,CASSFGEQETQYF
KLGGALQAK,1,CATSGGVVSTEAFF
KLGGALQAK,1,CASSYGGQRASYEQYF
ARMILMTHF,0,CASSPPPWGTNSPLHF
LLQTGIHVRVSQPSL,0,CASSEEKGYYTDTQYF
KLGGALQAK,1,CASRPPGREEDTQYF
TPQDLNTML,0,CASSKGTEAFF
GPGHKARVL,0,CASSNNRTGLFVYEKLFF
KLGGALQAK,1,CASSAGITNTEAFF
KLGGALQAK,1,CASSVVDNEQFF
TPGPGVRYPL,0,CASSQDSPLATIYNEQFF
GPGHKARVL,0,CASSDWDSSYEQYF
KLGGALQAK,1,CASSEGGQSREAFF
KLGGALQAK,1,CSARDLEVLSYEQYF
FLKEKGGL,0,CASSHGRTNIQYF
KLGGALQAK,1,CASRWDSSYNEQFF
KLGGALQAK,1,CASSPLVGTYNEQFF
KLGGALQAK,1,CASSLADRGLSEQYF
KLGGALQAK,1,CASSSNRDRGTKDTEAFF
KLGGALQAK,1,CASSQDAGQPQHF
KLGGALQAK,1,CASSLVLGQPNYGYTF
KLGGALQAK,1,CASSARDGNIQYF
GLCTLVAML,0,CAISGTSGEISTDTQYF
KLGGALQAK,1,CASSPSDGRTDTQYF
KLGGALQAK,1,CASRTGLDGYTF
KLGGALQAK,1,CATSDGTGVYNEQFF
DPFRLLQNSQVFS,0,CASSLVHGSNQPQHF
KLGGALQAK,1,CASSSGTEVPEQYF
KLGGALQAK,1,CSVEEGAGDTQYF
KLGGALQAK,1,CASSLDAGVGGYTF
KLGGALQAK,1,CASSQGQGLLEAFF
ARMILMTHF,0,CASSMTESGANVLTF
KAFSPEVIPMF,0,CASSGTTGELFF
KLGGALQAK,1,CASSSRTEIFSGANVLTF
YSEHPTFTSQY,0,CSAAEGLSDEQFF
KLGGALQAK,1,CASSVDPGNSEKLFF
KLGGALQAK,1,CASSPGLAGDEQFF
KLGGALQAK,1,CSVDLEANYGYTF
KLGGALQAK,1,CASSFLNHEQFF
KLGGALQAK,1,CASSIKTSGDPDTQYF
KLGGALQAK,1,CASSMSVGFSNQPQHF
LLWNGPMAV,0,CSVAHVGNYGYTF
GTSGSPIINR,0,CATSDLPGAYNEQFF
KLGGALQAK,1,CASSLSLVGGSDGYTF
IPSINVHHY,0,CASRDGTEAFF
GILGFVFTL,0,CASTPGGSTDTQYF
YVLDHLIVV,0,CASSQLEDGHSYEQYF
YLQPRTFLL,0,CASSRETGGAKNIQYF
KLGGALQAK,1,CASRTGQGAFEQFF
HPKVSSEVHI,0,CASSLLGSGGQETQYF
YVLDHLIVV,0,CASSLGWSTEAFF
LPRRSGAAGA,0,CSARPSGLAETDTQYF
ISPRTLNAW,0,CASMRGFTYEQYF
KLGGALQAK,1,CASSIWENTGELFF
KLGGALQAK,1,CSARVENTGELFF
TPRVTGGGAM,0,CATRVRGVEKLFF
TPQDLNTML,0,CASTPSGDGYTF
KLGGALQAK,1,CASSGGQGDDEQYF
KLGGALQAK,1,CASSQVPGQGPNYGYTF
EPLPQGQLTAY,0,CASTQGGSNTEAFF
KLGGALQAK,1,CASSIAWQPQHF
KLGGALQAK,1,CASSIGGVGNQPQHF
MLNIPSINV,0,CSARMGDTEAFF
KLGGALQAK,1,CASSIRQRPGIRAFF
KLGGALQAK,1,CASSIVPLGQGLGTLHF
KLGGALQAK,1,CATGTSGTDNEQFF
GILGFVFTL,0,CASSPPIRGRARYEQYF
KLGGALQAK,1,CSARDGRGENTEAFF
KLGGALQAK,1,CASTQGAGIGNTIYF
KLGGALQAK,1,CASSPGQTSNQPQHF
KLGGALQAK,1,CASSILARDTEAFF
KLGGALQAK,1,CASSRGQGADTQYF
KLGGALQAK,1,CASSFGTGAGYTF
KLGGALQAK,1,CASTGTGYYGYTF
KLGGALQAK,1,CASSEWTGDYNEQFF
MLNIPSINV,0,CASRWGTSGRANNEQFF
KLGGALQAK,1,CAISGGWGEPSTDTQYF
KLGGALQAK,1,CASSLEPSYEQYF
TPQDLNTML,0,CSASSRVAYEQYF
KLGGALQAK,1,CAWSSGRGETQYF
SFHSLHLLF,0,CASSFELNTEAFF
YVLDHLIVV,0,CASSPGTISNQPQHF
KLGGALQAK,1,CASSPGGHTAAFF
KLGGALQAK,1,CASREGLGNNQPQHF
KLGGALQAK,1,CASSPGTGKAGELFF
KLGGALQAK,1,CASSEVDRPFNEQFF
KLGGALQAK,1,CASSGGQDPYEQYF
KLGGALQAK,1,CASTPWGGAGGELFF
EPLPQGQLTAY,0,CASSLGAEAFF
YLQPRTFLL,0,CSARGLEDRATTNEKLFF
TPRVTGGGAM,0,CASSTGLAGDNTDTQYF
KLGGALQAK,1,CATSSRQGMKVSQPQHF
KLGGALQAK,1,CASSDGLNEQFF
KLGGALQAK,1,CASSHTTGSPFYGYTF
KLGGALQAK,1,CASSLWTGHYYGYTF
RAKFKQLL,0,CASSEDRGADYEKLFF
KLGGALQAK,1,CASSARTGVGYGYTF
FLYNLLTRV,0,CASSPGTVQSDTQYF
KLGGALQAK,1,CASSEGQPQHF
GTSGSPIVNR,0,CSARVGYEQYF
GTSGSPIVNR,0,CASSNGQGAWGYTF
KLGGALQAK,1,CASSGRQGNTEAFF
FLRGRAYGL,0,CSARDSRQGIGYGYTF
KRWIIMGLNK,0,CASSSTDRNYGYTF
KLGGALQAK,1,CSGWEGLYGYTF
ARMILMTHF,0,CASSQTGTGDYGYTF
RLRAEAQVK,0,CASSLDYPYNEQFF
CINGVCWTV,0,CAIPHARPMNTEAFF
AMFWSVPTV,0,CASSLYGGAGEQYF
KLGGALQAK,1,CASGGNEQFF
FRDYVDRFYKTLRAEQASQE,0,CASSPGQGYEKLFF
EPLPQGQLTAY,0,CASSGGNRRDTEKGYTF
KRWIILGLNK,0,CASSPGLGQTEAFF
KLGGALQAK,1,CASSPTGPNTEAFF
KLGGALQAK,1,CSARDLLAGGYTGELFF
TPRVTGGGAM,0,CASSPRPITDTQYF
KLGGALQAK,1,CASRPGLNYEQYF
YSEHPTFTSQY,0,CASSEASYGATYNEQFF
QARQMVQAMRTIGTHP,0,CASSLAAGFEQFF
KLGGALQAK,1,CASSSTEFTGELFF
QARQMVQAMRTIGTHP,0,CASSSPLAGRFNEQFF
KLGGALQAK,1,CASSGDRVTNEQFF
EIYKRWII,0,CASSQGRDRHGYTF
KLGGALQAK,1,CASSFSGTVAEQYF
GLIYNRMGAVTTEV,0,CAWSVGQAPEKLFF
KLGGALQAK,1,CASSDPDRIKNIQYF
KLGGALQAK,1,CASSLAQGVSTDTQYF
TPRVTGGGAM,0,CASSETSGQETQYF
KLGGALQAK,1,CASSLWPSGTNEQFF
KLVALGINAV,0,CASSDYPGAYGYTF
KLGGALQAK,1,CSARGGVAILNSNQPQHF
KLGGALQAK,1,CASSAPGTDTQYF
KLGGALQAK,1,CASSPPRGALYHEQYF
FRDYVDRFYKTLRAEQASQE,0,CASSPMRGALLEQYF
KLGGALQAK,1,CASSQDPGSNQPQHF
KLGGALQAK,1,CATGQGPSYEQYF
SLYNTVATL,0,CSVDLEANYGYTF
KLGGALQAK,1,CASRPRPGQASTDTQYF
KLGGALQAK,1,CASSHLSETQYF
KLGGALQAK,1,CASSLGGFSQPQHF
KLGGALQAK,1,CATLQGPKAFF
KLGGALQAK,1,CASSYSWGQFF
KLGGALQAK,1,CASSIDGPGGISDTQYF
GPGHKARVL,0,CSARDGDLPMPGYTF
TPRVTGGGAM,0,CASSVDRTYEQYF
KLGGALQAK,1,CASSPGTGNYGYTF
FPRPWLHGL,0,CASSLGSGGTDTQYF
ISPRTLNAW,0,CASSVKTGTGATEAFF
KLGGALQAK,1,CASSEAVGSEAFF
FPRPWLHGL,0,CASRAGGAADTQYF
MLNIPSINV,0,CASSLGGPGEPQHF
ATDALMTGY,0,CASSLTGPDGYGYTF
GTSGSPIIDK,0,CASSSGGAPDTQYF
KLGGALQAK,1,CASSLLGTGVVHEQYF
KLGGALQAK,1,CASSFNGAPDHGYTF
KLGGALQAK,1,CASSYRTSGINTQYF
KLGGALQAK,1,CASSQLEDRVGSPLHF
KLGGALQAK,1,CASSRTGGLETQYF
KLGGALQAK,1,CASSATYQETQYF
YVLDHLIVV,0,CASSLNSKETQYF
EIYKRWII,0,CASSLSGLGDYNEQFF
LLLGIGILV,0,CASSQGLSYEQYF
KLGGALQAK,1,CASSEARGLNTEAFF
GTSGSPIVNR,0,CASSMFLDTDTQYF
KLGGALQAK,1,CASSSEQGLRNIQYF
KLGGALQAK,1,CASSLERLAGTVGELFF
TPQDLNTML,0,CASCRPGLAGGEDTQYF
TPRVTGGGAM,0,CASAPHGGPINTGELFF
TPGPGVRYPL,0,CAISDYAGYNEQFF
KLGGALQAK,1,CASSSGTHNEKLFF
KLGGALQAK,1,CASSRTGTSYEQYF
FPRPWLHGL,0,CATSDQSGTTDTQYF
KLGGALQAK,1,CAWRLAAGELFF
KRWIIMGLNK,0,CASSFVRTVFYSTDTQYF
KLGGALQAK,1,CASSFISPPQTEAFF
ISPRTLNAW,0,CASLGDPNTEAFF
SGPLKAEIAQRLED,0,CASSKGHVNTEAFF
KLGGALQAK,1,CATSDPAGMTGGWHGYTF
LLQTGIHVRVSQPSL,0,CSAREESQSTYNEQFF
KLGGALQAK,1,CASSPVVPYEQYF
KLGGALQAK,1,CATHGGIDTGELFF
LLLGIGILV,0,CASREGSGGAYNEQFF
KLGGALQAK,1,CASISADTQYF
KLGGALQAK,1,CASSQATEQYF
LPRRSGAAGA,0,CASSQGPGTVHEKLFF
QVPLRPMTYK,0,CASTEGATESSYEQYF
LLQTGIHVRVSQPSL,0,CASREGTGIRETQYF
GTSGSPIINR,0,CSVESSEQFF
KLGGALQAK,1,CASSSWATGANVLTF
RLRAEAQVK,0,CASSLGVFEAFF
KLGGALQAK,1,CASSLGWGPSEDTQYF
GLCTLVAML,0,CASGLVSGSYSNQPQHF
HPKVSSEVHI,0,CASGLEGRWQETQYF
EIYKRWII,0,CASSLGTWELFF
YSEHPTFTSQY,0,CASSLGGTGELFF
KLGGALQAK,1,CASSPMDTQYF
GTSGSPIVNR,0,CASSRTTSGEDTDTQYF
LLWNGPMAV,0,CASSLTGAFYGYTF
KLGGALQAK,1,CASTGTSGGPTLRDEQFF
KLGGALQAK,1,CASSESFGGGVNTQYF
KLGGALQAK,1,CASSDIKRDYNEQFF
NEGVKAAW,0,CAISEVTVQPQHF
ATDALMTGY,0,CASSGPTGIQETQYF
ATDALMTGY,0,CASTPGTGPTEAFF
KLGGALQAK,1,CASSLLGGGLSYGYTF
FPRPWLHGL,0,CSARDDRGALSNQPQHF
GTSGSPIVNR,0,CASSLPAGRVSAGELFF
KLGGALQAK,1,CASSDTVDEQFF
KLGGALQAK,1,CAVNPAGAKTYNEQFF
SFHSLHLLF,0,CATSATVYNEQFF
VTEHDTLLY,0,CASSDGDSPYNEQFF
KLGGALQAK,1,CASSLTGGEGEAFF
FLRGRAYGL,0,CASSLMGGYTF
YSEHPTFTSQY,0,CASSLDQPGGADTQYF
QARQMVQAMRTIGTHP,0,CASESGVELFF
KLGGALQAK,1,CASSLGYGYTF
DPFRLLQNSQVFS,0,CASSIWAGDPYNEQFF
FLYNLLTRV,0,CSVDLEANYGYTF
KLGGALQAK,1,CASSGRQGRGYTF
VTEHDTLLY,0,CASSSPLDRAGSAFF
YSEHPTFTSQY,0,CASSFQSGQNFYGYTF
KLGGALQAK,1,CASSLGLAGVNEQFF
NLSALGIFST,0,CASSRDSYNEQFF
KLGGALQAK,1,CASSIMNTEAFF
KLGGALQAK,1,CATSGLAGREQFF
GTSGSPIVNR,0,CATSGLAGREQFF
KLGGALQAK,1,CAISEGGAGSYNEQFF
NLSALGIFST,0,CASSIAGWNTEAFF
KLGGALQAK,1,CASSPQGKAFF
KRWIILGLNK,0,CASRYTVTGELFF
SLYNTVATL,0,CATSRGQGLTEAFF
KLGGALQAK,1,CASRPLAGELFF
NEGVKAAW,0,CASTTPPTGSGYTF
KLGGALQAK,1,CASSVVTGPMNTEAFF
KLGGALQAK,1,CASSFRTGETNYGYTF
KLGGALQAK,1,CASSLVGPTNTEAFF
KLGGALQAK,1,CAWKNLFPRTDTQYF
LLLGIGILV,0,CASSLAQFNEQFF
SFHSLHLLF,0,CAWRPAGGNTIYF
ATDALMTGY,0,CASSDSYEQYF
KLGGALQAK,1,CASSPHGQGYTEAFF
QVPLRPMTYK,0,CATSDRLAGGELFF
AMFWSVPTV,0,CASSTTASSYNEQFF
KRWIILGLNK,0,CASRPDGSQETQYF
KLGGALQAK,1,CASSQAEGGNTEAFF
KLGGALQAK,1,CASSRTRGGYQETQYF
KLGGALQAK,1,CASSAEGAGNMNTEAFF
TPGPGVRYPL,0,CASSLGAGIIYEQYF
KLGGALQAK,1,CATSTDLSGVTYEQYF
KLGGALQAK,1,CASSSGGSYEQYF
FLRGRAYGL,0,CSAQWGDYEQYF
KRWIIMGLNK,0,CASSLRGGGSYTF
FLRGRAYGL,0,CASSSITSGRGGEQFF
AMFWSVPTV,0,CSARPSGKVGNQPQHF
KLGGALQAK,1,CASSEGLAGGQGEQYF
ISPRTLNAW,0,CAVPLGNTIYF
SLYNTVATL,0,CASSLATGVNEQYF
KLVALGINAV,1,CASSSGATEAFF
RPPIFIRRL,0,CASSYAQGNEQFF
KLVALGINAV,1,CATSIDRGREKLFF
NLVPMVATV,0,CASSRSLNVNSNQPQHF
LPRRSGAAGA,0,CSARDQRDYQETQYF
KRWIILGLNK,1,CASSLVLAIEQYF
GILGFVFTL,0,CASRPGQGSHEQFF
FPRPWLHGL,0,CSARDLGLAGDTDTQYF
YSEHPTFTSQY,0,CASSPLGGHHSGANVLTF
KAFSPEVIPMF,0,CSAREVYYNSPLHF
TPRVTGGGAM,0,CASSLDVNEQFF
KRWIILGLNK,1,CAIGGNTEAFF
FLYNLLTRV,0,CASSSGLAGGREQFF
KRWIILGLNK,1,CASRITGWSGVNTEAFF
ISPRTLNAW,0,CASSPGTSSSYNEQFF
RAKFKQLL,0,CASSLDPPAGVSPLHF
KRWIILGLNK,1,CTRAYNQPQHF
RLRAEAQVK,0,CASRPSNTEAFF
KRWIILGLNK,1,CASSLLGGDLYEQYF
VTEHDTLLY,0,CASSQGTSDLYEQYF
KRWIILGLNK,1,CASSQGTSDLYEQYF
KRWIIMGLNK,1,CASSFGTGGEQYF
LPRRSGAAGA,0,CASREGQGGTEAFF
KRWIIMGLNK,1,CASREGRGGTEAFF
LLLGIGILV,1,CASSSSGSSYEQYF
LLLGIGILV,1,CATSDLSQGVDTQYF
AVFDRKSDAK,0,CATSDLSQGVDTQYF
ARMILMTHF,0,CASSPSGGLENTGELFF
LLLGIGILV,1,CASINEGLGQPQHF
LLLGIGILV,1,CASSSGTPVYSGNTIYF
LLLGIGILV,1,CASSQGVFGQPQHF
LLLGIGILV,1,CASSQDLMGRTSTDTQYF
RLRAEAQVK,0,CASSSDWDTEAFF
LLLGIGILV,1,CATGQTYEQYF
LPRRSGAAGA,0,CASSLGSYGYTF
LLLGIGILV,1,CSARKSASVRETQYF
FPRPWLHGL,0,CASSSAAPVSMNTEAFF
MLNIPSINV,0,CASSLQGSRRQGQNEQYF
LPRRSGAAGA,0,CASSLGGEETQYF
LLQTGIHVRVSQPSL,1,CAWSRWRQETQYF
LLQTGIHVRVSQPSL,1,CASSLAANTEAFF
VTEHDTLLY,0,CSARQVVIWNTEAFF
NLVPMVATV,0,CASSLDGTQGTQYF
LLQTGIHVRVSQPSL,1,CASSRQGEAFF
GLIYNRMGAVTTEV,0,CASSRQGEAFF
LLQTGIHVRVSQPSL,1,CSTSAAYNEQFF
GTSGSPIVNR,0,CSTSAAYNEQFF
DPFRLLQNSQVFS,0,CSAVEGAGGGETQYF
LLQTGIHVRVSQPSL,1,CASSPRTGTYNEQFF
LLQTGIHVRVSQPSL,1,CSATGGGPYEQYF
ELAGIGILTV,0,CSASNPIYEQYF
MLNIPSINV,0,CSAEPIFSGYNEQFF
EIYKRWII,0,CASSGRTGPGEQYF
ATDALMTGY,0,CASSRDRAGYGYTF
DPFRLLQNSQVFS,0,CASSPYWGQVNEQYF
LLWNGPMAV,1,CSAPTSGGPNEQFF
KRWIIMGLNK,0,CSATEAGGPGNEQFF
LLWNGPMAV,1,CSVATSGGSNEQFF
NEGVKAAW,0,CASTGTGGFSYNEQFF
LLQTGIHVRVSQPSL,0,CASSLGGASYEQYF
LLWNGPMAV,1,CASSYSEQGYGYTF
LLWNGPMAV,1,CASSPQGFSYEQYF
RAKFKQLL,0,CASSGQGAYGYTF
MLNIPSINV,0,CATSSGTGAYEQYF
SLYNTVATL,0,CASSDTDRGIYGYTF
LLWNGPMAV,1,CASSEAGQAYEQYF
VTEHDTLLY,0,CAVGDRGYEQYF
LLWNGPMAV,1,CASSAGTGAYEQYF
LLWNGPMAV,1,CASSLAGVEQFF
LLWNGPMAV,1,CASTPLREENNEQFF
LLWNGPMAV,1,CSARDAPSRETQYF
LLWNGPMAV,1,CSARASYEQYF
QARQMVQAMRTIGTHP,0,CASSAEDRQYYNEKLFF
NLSALGIFST,0,CASRGLVDRTYGYTF
LLWNGPMAV,1,CASSQAENYGYTF
LLWNGPMAV,1,CASTTGGSLPPEAFF
FLRGRAYGL,0,CSASHRAGNEQYF
HPKVSSEVHI,0,CASSELGGPNTEAFF
LPRRSGAAGA,1,CASSLLGSGETQYF
NLSALGIFST,0,CSARDDGTVDYGYTF
SLYNTVATL,0,CSVEVWDEETQYF
FRDYVDRFYKTLRAEQASQE,0,CASSLAGQGSPYEQYF
MLNIPSINV,1,CASSPGDRRYSPLHF
GTSGSPIVNR,0,CASSLGLNHEQYF
QARQMVQAMRTIGTHP,0,CASSPPGGSGNTIYF
MLNIPSINV,1,CASSLAGFGNTIYF
MLNIPSINV,1,CASSLLPPGQGRNQPQHF
MLNIPSINV,1,CASSQFGRNYEQYF
MLNIPSINV,1,CASSLAVQSDEQYF
NEGVKAAW,1,CSVEPSGGSNEQFF
NEGVKAAW,1,CASSVFGELFF
NEGVKAAW,1,CASSRTSGPYNEQFF
EPLPQGQLTAY,0,CSVGPGRPGYTF
YSEHPTFTSQY,0,CASSLGQLEQYF
NEGVKAAW,1,CANSRGGSDNEQFF
CINGVCWTV,0,CASSLGQLEAFF
NEGVKAAW,1,CASSISGLNTDTQYF
HPKVSSEVHI,0,CAIGGQGSYEQYF
LLWNGPMAV,0,CASSLGASTDTQYF
NEGVKAAW,1,CASTLQGGTGELFF
FLRGRAYGL,0,CASSIFGEQFF
FPRPWLHGL,0,CASSIVGEQFF
KLVALGINAV,0,CASKLMGGANGDTF
DPFRLLQNSQVFS,0,CASSLRGVWTDTQYF
HPKVSSEVHI,0,CASSPLVGSYNEQFF
NLSALGIFST,1,CASSPGQGMAGELFF
ELAGIGILTV,0,CSAEREISYEQYF
NLSALGIFST,1,CASSLGGGLYNSPLHF
RAKFKQLL,0,CASSLGGETQYF
EPLPQGQLTAY,0,CASSGGGGEKLFF
DPFRLLQNSQVFS,0,CASSSLETQYF
MLNIPSINV,0,CASSIAEQIGEAFF
KRWIILGLNK,0,CATQTSGGFNEQFF
NLSALGIFST,1,CASTKGASPGDEQFF
PKYVKQNTLKLAT,0,CASSPHQADTQYF
NLVPMVATV,1,CASSLTSGSPYNEQFF
NLVPMVATV,1,CASTYGSYGYTF
LLLGIGILV,0,CASSHWDRETSGNTIYF
NLVPMVATV,1,CASSLEGFTEAFF
NLVPMVATV,1,CASSYSRTANEKLFF
PKYVKQNTLKLAT,0,CASRKGGSSYNEQFF
NLVPMVATV,1,CSAREQRGYNEQFF
IVTDFSVIK,0,CASSPSPSGDDEKLFF
IPSINVHHY,0,CSVDKGGPEAFF
CINGVCWTV,0,CASSLAGQGATDTQYF
EIYKRWII,0,CASSLERSEAFF
NLVPMVATV,1,CASSSDVLPEQYF
GTSGSPIINR,0,CASSSTRTWDTEAFF
RAKFKQLL,0,CASSESTDEKLFF
QVPLRPMTYK,0,CASSDQSLGPDTEAFF
IVTDFSVIK,0,CASSVGGGNYNEQFF
NLVPMVATV,1,CASSYSEGTKAFF
NLVPMVATV,1,CASSKGGVVNTEAFF
NLVPMVATV,1,CSVPGISYYEQYF
NLVPMVATV,1,CSARTSGRVGEQFF
NLVPMVATV,1,CASSIEGAYSYEQYF
NLVPMVATV,1,CSAKGRAKNIQYF
KRWIIMGLNK,0,CSARDFEITGELFF
NLVPMVATV,1,CASSDRGKQYYEQYF
NLVPMVATV,1,CASSSTGNYGYTF
NLVPMVATV,1,CASSLDYEQFF
NLVPMVATV,1,CASSRDRVTDTQYF
KRWIIMGLNK,0,CSARDKRTGELFF
PKYVKQNTLKLAT,0,CATSRDRYNEQFF
NLVPMVATV,1,CSATQGWLTGELFF
QARQMVQAMRTIGTHP,0,CASSDPSGFVNEAFF
DATYQRTRALVR,0,CASSHGGAYEQYF
NLVPMVATV,1,CSARDLIGAGANVLTF
CINGVCWTV,0,CSVQGPSPEAFF
NLVPMVATV,1,CASSLGQALTDTQYF
NLVPMVATV,1,CARSCEIVQRYGGCEQFF
NLVPMVATV,1,CATSRGFAQQETQYF
NLVPMVATV,1,CSAHLTPSYNEQFF
NLVPMVATV,1,CSVGVKNTEAFF
NLVPMVATV,1,CASSQGPGGWTEAFF
SFHSLHLLF,0,CASSLASKGDYEQYF
NLVPMVATV,1,CASSSGTGGVGELFF
MLNIPSINV,0,CASSLGDSYEQYF
NLVPMVATV,1,CATSGRPGSSYEQYF
SLYNTVATL,0,CSARDLTGPNYGYTF
GLIYNRMGAVTTEV,0,CASSPAYEQYF
KAFSPEVIPMF,0,CASALAGGPGGELFF
NLVPMVATV,1,CASSLPTEQETQYF
MLNIPSINV,0,CASYQGAMNTEAFF
DATYQRTRALVR,0,CASSSRDRPMGPQHF
TPRVTGGGAM,0,CASSPGLLNEKLFF
NLVPMVATV,1,CASSQEGGQVHIQYF
NLVPMVATV,1,CSARDRGNEQYF
ARMILMTHF,0,CASSPSTGGNTEAFF
RLRAEAQVK,0,CASSPDTTETQYF
ISPRTLNAW,0,CSVDPPEGSDTQYF
RLRAEAQVK,0,CASSESGSGGIYEQYF
NLVPMVATV,1,CSVATGLDYEQYF
NLVPMVATV,1,CSVRRQGNVWNEQFF
FLRGRAYGL,0,CASTEGHEQYF
NLVPMVATV,1,CASSIVPISYNEQFF
AVFDRKSDAK,0,CASSIVPISYNEQFF
QVPLRPMTYK,0,CAWSVGDWETQYF
NLVPMVATV,1,CASSLEPNYGYTF
QARQMVQAMRTIGTHP,0,CSVENTFEAFF
IVTDFSVIK,0,CASSPTGGSSYEQYF
NLVPMVATV,1,CASSMEASGSSYNEQFF
QVPLRPMTYK,0,CASSPPGPLKADTQYF
NLVPMVATV,1,CAWSEVHEQFF
TPRVTGGGAM,0,CASSSMDGNYGYTF
DPFRLLQNSQVFS,0,CASSMVLGDTEAFF
AMFWSVPTV,0,CASAETGQGAAGYTF
NLVPMVATV,1,CATSEGARTSGRYNEQFF
NLVPMVATV,1,CASSPLLSTYNEQFF
NLVPMVATV,1,CASSVDRLGYGYTF
NLSALGIFST,0,CASSWTGGLDTQYF
GPGHKARVL,0,CASGQGAGELFF
NLVPMVATV,1,CASNLGGGTGELFF
IPSINVHHY,0,CASSLEGSHLGAFF
YVLDHLIVV,0,CASSEQNSNQPQHF
LLQTGIHVRVSQPSL,0,CASPGGRLAGNTIYF
GTSGSPIVNR,0,CASSLRQGIRAFF
NLVPMVATV,1,CAWSGDSFEQYF
IVTDFSVIK,0,CASSPIAGRRDTQYF
NLVPMVATV,1,CASSPGQGVDEQYF
NLVPMVATV,1,CASSLFLGGANVLTF
LLQTGIHVRVSQPSL,0,CASSNRDRPYEQYF
NLVPMVATV,1,CASSLEFDQPQHF
NLVPMVATV,1,CSARARDYSASQETQYF
TPGPGVRYPL,0,CASSPQQATNEKLFF
NLVPMVATV,1,CASSPDGTDTQYF
NLVPMVATV,1,CASSLAEGLYETQYF
RPRGEVRFL,0,CASSLIAGGHTGELFF
NLVPMVATV,1,CASSYLGLAALETQYF
RAKFKQLL,0,CASSYLGLAALETQYF
KRWIILGLNK,0,CASSLALAGITDTQYF
NLVPMVATV,1,CATSDRGTGGSYEQYF
NLSALGIFST,0,CASSPTGGTGNEQFF
NLVPMVATV,1,CASSPNFGEAFF
IVTDFSVIK,0,CATSRSTGGLNQPQHF
NLVPMVATV,1,CASSGAGTIRGEEFF
KRWIIMGLNK,0,CASSIDGGLYNEQFF
NLVPMVATV,1,CASSFGQLAEAFF
NLVPMVATV,1,CASSQEERGGTDTQYF
IVTDFSVIK,0,CASSEGTASYGYTF
NLVPMVATV,1,CASSVTGHPNTEAFF
FLKEKGGL,0,CSAFWDRPYEQYF
NLVPMVATV,1,CASSFVGDGDEQFF
NLVPMVATV,1,CASSFYITGAPYNEQFF
NLVPMVATV,1,CASSLSLVGPHQPQHF
NLVPMVATV,1,CASSLTSNTEAFF
KRWIIMGLNK,0,CASSPSPPATDTQYF
NLVPMVATV,1,CASRREDTDTQYF
HPKVSSEVHI,0,CASSLVGAWPQHF
FLRGRAYGL,0,CASSLVLGIRETQYF
YSEHPTFTSQY,0,CASSFRLAGGTDTQYF
RAKFKQLL,0,CASSQRESYNEQFF
NLVPMVATV,1,CASRSLGGVAEAFF
GLIYNRMGAVTTEV,0,CAISPSSEQYF
NLVPMVATV,1,CSARGDISTEAFF
IVTDFSVIK,0,CSASGSYSYEQYF
NLVPMVATV,1,CSSRGGYEQYF
NLVPMVATV,1,CTSSPRDRGNTGELFF
NLVPMVATV,1,CASSLEGRGYYEQYF
NLVPMVATV,1,CASSFTVGGANVLTF
NLVPMVATV,1,CATSRDRANYGYTF
LPRRSGAAGA,0,CASSLLKRFWETQYF
NLVPMVATV,1,CASSSPWTDSYNEQFF
NLVPMVATV,1,CSAREQGVYTEAFF
NLVPMVATV,1,CASSVSSDTDTQYF
NLVPMVATV,1,CASSPVMNTEAFF
RPPIFIRRL,0,CASSSPLAPGIDEQFF
SFHSLHLLF,0,CASSLGREGQDTQYF
RAKFKQLL,0,CASSQGTGGFYEQYF
FLRGRAYGL,0,CASSTGPRGVNQPQHF
NLVPMVATV,1,CASRGTSGGPNTGELFF
GTSGSPIVNR,0,CASLPRGGPGANVLTF
NLVPMVATV,1,CASSLRQYEQYF
NLVPMVATV,1,CASSLIASHYSEQFF
LLQTGIHVRVSQPSL,0,CASSPAFSPKNQPQHF
NLVPMVATV,1,CASSRQTGTSYGYTF
NLVPMVATV,1,CASSIFGGQIYEQYF
FLKEKGGL,0,CASSHADRVFTGELFF
ELAGIGILTV,0,CASSFWRYEQYF
NLVPMVATV,1,CASSLGGQNSPLHF
ELAGIGILTV,0,CASSPGTSGAFAVNEQFF
NLVPMVATV,1,CATSRDLGGADTQYF
IVTDFSVIK,0,CSVEDRVAMNTEAFF
NLVPMVATV,1,CASSIDVGELFF
CINGVCWTV,0,CAISGLAGVNEQFF
NLVPMVATV,1,CASSSGPEQYF
TPRVTGGGAM,0,CASSFRDANTEAFF
NLVPMVATV,1,CAWGIGTGELFF
NLVPMVATV,1,CAWTEAENTEAFF
SLYNTVATL,0,CASTDGLAGELFF
GLIYNRMGAVTTEV,0,CASSLRVVGTVYNEQFF
NLVPMVATV,1,CASSTSSSEQYF
FLRGRAYGL,0,CASSVGDTSYEQYF
NLVPMVATV,1,CSARDPGGSYNEQFF
NLVPMVATV,1,CATSRESGTGGPIQYF
DPFRLLQNSQVFS,0,CASSYSSGEPQHF
NLVPMVATV,1,CASTPLGAGPVNEQFF
NLVPMVATV,1,CASSSPSGALSGELFF
NLVPMVATV,1,CASSLTGANVLTF
SFHSLHLLF,0,CARPQETQYF
YSEHPTFTSQY,0,CASSPGGRGNTEAFF
NLVPMVATV,1,CASSTPGRSFEAFF
NLVPMVATV,1,CASSLSGTGFYGYTF
NLVPMVATV,1,CASSPRATTNEKLFF
FRDYVDRFYKTLRAEQASQE,0,CASSPRATTNEKLFF
FLRGRAYGL,0,CALGVDRTEAFF
EIYKRWII,0,CASSLLQQGGIDTQYF
RPRGEVRFL,0,CASSLRGSTDTQYF
FLKEKGGL,0,CASSMRAAETQYF
QARQMVQAMRTIGTHP,0,CASSSILAGDADEQFF
FPRPWLHGL,0,CASSLGQGNTEAFF
LPRRSGAAGA,0,CASSSYRENTGELFF
NLVPMVATV,1,CASSLGASGSAGELFF
NLVPMVATV,1,CASSWTKSAGEQYF
NLVPMVATV,1,CASSPPDSSYEQYF
NLVPMVATV,1,CATSDPGLAGPGEQYF
NLVPMVATV,1,CASSGGTDPSWDGYTF
CINGVCWTV,0,CASSQGRGSGNTIYF
ELAGIGILTV,0,CASSQDGASLLYEQYF
NLVPMVATV,1,CASSFAAGGRNEQFF
LLWNGPMAV,0,CASSPWLTSGRENEQFF
NLVPMVATV,1,CASSLTTESGEQYF
QARQMVQAMRTIGTHP,0,CASSLSRNQPQHF
NLVPMVATV,1,CASSLAPGGATNEKLFF
LPRRSGAAGA,0,CANSPVAGAPHEQYF
NLVPMVATV,1,CASSALAGARYEQYF
NLVPMVATV,1,CASSQAGMTEQFF
ATDALMTGY,0,CASSRDSSANEQFF
NLVPMVATV,1,CASNQVTGTRAYGYTF
FPRPWLHGL,0,CAWVPGTGGTEAFF
NLVPMVATV,1,CASSYWDRITSGNTIYF
NLVPMVATV,1,CASSPADRTRNTEAFF
NLVPMVATV,1,CASSLEGYTEAFF
YSEHPTFTSQY,0,CASSQDPFAVLNTEAFF
AVFDRKSDAK,0,CASSQQTGTIGGYTF
NLVPMVATV,1,CSAREEGTQAWETQYF
NLVPMVATV,1,CASSVVERAFF
NLVPMVATV,1,CAISAGTGVRNEQYF
GTSGSPIIDK,0,CASRSEETQYF
SLYNTVATL,0,CASSLVGDRDGYTF
KLGGALQAK,0,CASSGTNSPLHF
NLVPMVATV,1,CASSWAGEPRDEQYF
NLVPMVATV,1,CASSDPDRAVTEAFF
NLVPMVATV,1,CASSLAERSYEQYF
NLVPMVATV,1,CASSLAPGATNEKLFF
GLCTLVAML,0,CASSLAPGTTNEKLFF
QVPLRPMTYK,0,CASSSVNEQYF
NLVPMVATV,1,CASSLAPGATSEKLFF
GLCTLVAML,0,CSVDETGGGETQYF
NLVPMVATV,1,CATSRDLVAETQYF
NLVPMVATV,1,CASSLEGYTEAFF
NLVPMVATV,1,CASSGVGGWDEQYF
NLVPMVATV,1,CSATDVTKGQLISGYTF
NEGVKAAW,0,CASSPITGTGAYGYTF
DPFRLLQNSQVFS,0,CASSMTSGALYNEQFF
FPRPWLHGL,0,CASSYQTGAAYGYTF
LPRRSGAAGA,0,CASSCQTGAACGYTF
NLVPMVATV,1,CASSPTGGGTGELFF
NLVPMVATV,1,CASSFWREPTYEQYF
IPSINVHHY,0,CASSLAPGSTNEKLFF
NLVPMVATV,1,CATSSELQIGELFF
NLVPMVATV,1,CASSLLIQGGENTEAFF
NLVPMVATV,1,CASSLTSGSPYNEQFF
NLVPMVATV,1,CSAKILAGAGSEQYF
NLVPMVATV,1,CSLKSSGNSSYEQYF
NLVPMVATV,1,CASSGTGGKTQYF
NLVPMVATV,1,CASSHTVSGGSNEQFF
NLVPMVATV,1,CASSSGREREETQYF
QVPLRPMTYK,0,CASSLIAEEEGYGYTF
GILGFVFTL,0,CASSPYRGPMNTEAFF
PKYVKQNTLKLAT,1,CASRTINTEAFF
PKYVKQNTLKLAT,1,CATSDPMGKLFF
RAKFKQLL,0,CASSDAGTGDYEQYF
PKYVKQNTLKLAT,1,CASRGAGPTYNSPLHF
PKYVKQNTLKLAT,1,CASSLGGRPEAFF
GTSGSPIVNR,0,CASSSGPPAKAFF
PKYVKQNTLKLAT,1,CASRPEKETGELFF
CINGVCWTV,0,CASSVGRNTEAFF
GTSGSPIVNR,0,CASSFPPGQGVQGAFF
SLYNTVATL,0,CASSSSGGGTDTQYF
DATYQRTRALVR,0,CASSGIAGGPSYEQYF
PKYVKQNTLKLAT,1,CASSSQGLHEQYF
PKYVKQNTLKLAT,1,CASSSPTSGSLQYEQYF
PKYVKQNTLKLAT,1,CSGAGEGIEQYF
PKYVKQNTLKLAT,1,CASRGDHEQFF
FLRGRAYGL,0,CASSSTGLPYGYTF
GPGHKARVL,0,CASSLSQGDQPQHF
PKYVKQNTLKLAT,1,CASSVTPGGTEAFF
RPPIFIRRL,0,CASSVAGGETEAFF
PKYVKQNTLKLAT,1,CASSLGRGEQYF
LLWNGPMAV,0,CASSRGTENEKLFF
PKYVKQNTLKLAT,1,CASSKKLDSFSYEQYF
DATYQRTRALVR,0,CSARDSYEQYF
QARQMVQAMRTIGTHP,1,CASSFGQNSEQYF
QARQMVQAMRTIGTHP,1,CSARGLQGDYNSPLHF
GPGHKARVL,0,CASSQDTYTEAFF
KRWIIMGLNK,0,CASSQDAEGDYGYTF
HPKVSSEVHI,0,CASSEGSYNEQFF
QVPLRPMTYK,1,CASSVRTGELFF
KRWIIMGLNK,0,CASRDSIQFSSNQPQHF
NLVPMVATV,0,CASSLFSGPPYEQYF
RAKFKQLL,1,CASSLLGQGDHEQYF
EPLPQGQLTAY,0,CATSDWPKGDTIYF
KLVALGINAV,0,CASSQGATGGPPDTQYF
LLLGIGILV,0,CASSQVPQTVNEQFF
DPFRLLQNSQVFS,0,CASSGRLDRETQYF
RAKFKQLL,1,CAISESNKGTPGYTF
SGPLKAEIAQRLED,0,CSVGTGDWGEQYF
RAKFKQLL,1,CASSFLDRGPNTEAFF
RAKFKQLL,1,CASSVTGPGDNEQFF
RAKFKQLL,1,CASSQGSNQPQHF
TPRVTGGGAM,0,CASSTDRAAQPQHF
LPRRSGAAGA,0,CASSLGTSGGTGELFF
GLCTLVAML,0,CASSFSGNTGELFF
RAKFKQLL,1,CASSIRSSYEQYF
RAKFKQLL,1,CSVGQGMNTEAFF
RAKFKQLL,1,CASSLMRGGTYNSPLHF
EPLPQGQLTAY,0,CASSLDPGQHYEQYF
RAKFKQLL,1,CASSTRLSGGTSNEQFF
RAKFKQLL,1,CASSARSSYEQYF
RAKFKQLL,1,CASSLMSQEFRYGYTF
RAKFKQLL,1,CASSLLWAEYNEQFF
AVFDRKSDAK,0,CASSTSTGTGYGYTF
RAKFKQLL,1,CASSLQGANEKLFF
AVFDRKSDAK,0,CASRPGGHEGEKLFF
RAKFKQLL,1,CASSPHRGLEGYTF
RPRGEVRFL,0,CASSFVAGVDTQYF
FPRPWLHGL,0,CSTWGTGLNGYTF
RPPIFIRRL,0,CASSPRLSTDTQYF
RAKFKQLL,1,CASSPSLSYEQYF
RAKFKQLL,1,CASSQGQGQDYGYTF
PKYVKQNTLKLAT,0,CASSFPGGFTGELFF
RAKFKQLL,1,CASSQRPSEVGELFF
EIYKRWII,0,CASSEQGQGEKLFF
YSEHPTFTSQY,0,CASSFLDRGPNTEAFF
GPGHKARVL,0,CASSLRDGSEAFF
MLNIPSINV,0,CASSYGTGENTEAFF
ARMILMTHF,0,CASSFVDRAETQYF
RAKFKQLL,1,CASSFSGNTGELFF
RAKFKQLL,1,CASSFSGNTGELFF
MLNIPSINV,0,CASGPPGGEKLFF
CINGVCWTV,0,CASSFLDRGPNTEAFF
TPGPGVRYPL,0,CASSLRDGSEAFF
NLVPMVATV,0,CASSPGTNYGYTF
RAKFKQLL,1,CASSLYLADSYNEQFF
RAKFKQLL,1,CASSPLAGAAIHTQYF
RAKFKQLL,1,CASSYVREETQYF
RAKFKQLL,1,CASGRLSYNEQFF
RAKFKQLL,1,CASTRLGGLDIQYF
RAKFKQLL,1,CASSFTGAEGTGELFF
RAKFKQLL,1,CASRKQGSDTGELFF
RAKFKQLL,1,CASSSGTSGGAGETQYF
RAKFKQLL,1,CASSLTAPGIQPQHF
RAKFKQLL,1,CSVGFGEGYEQYF
YLQPRTFLL,0,CASSLLAGQETQYF
RAKFKQLL,1,CASSELAGVGETQYF
EPLPQGQLTAY,0,CASSPSKPGDNEQFF
EPLPQGQLTAY,0,CASSLMASGGYNEQFF
RAKFKQLL,1,CASSLVSSGANVLTF
RAKFKQLL,1,CASSLAPSYEQYF
RAKFKQLL,1,CASSRLDRDSYEQYF
GLIYNRMGAVTTEV,0,CASSGLNSPLHF
HPKVSSEVHI,0,CASSSGALPRGETQYF
RLRAEAQVK,1,CSARPTRTFNIQYF
RLRAEAQVK,1,CASSQEWLAVSTDTQYF
RLRAEAQVK,1,CSAHRQGRTYEQYF
GLIYNRMGAVTTEV,0,CASSLKGGRHEQYF
RLRAEAQVK,1,CSARQIGASEAGDTIYF
IPSINVHHY,0,CATSIPLAGDQETQYF
DATYQRTRALVR,0,CASSQTPGEQYF
RLRAEAQVK,1,CASSREWGSNQPQHF
RLRAEAQVK,1,CSATSNGERTDTQYF
RLRAEAQVK,1,CASSPTPSGREHTQYF
RLRAEAQVK,1,CASHGGGTEAFF
RLRAEAQVK,1,CSARGGTEIPYEQYF
RLRAEAQVK,1,CATSRANRDGYTF
RLRAEAQVK,1,CASSPGTGPYEQYF
RLRAEAQVK,1,CASGGQYNEQFF
TPGPGVRYPL,0,CASSDSQRMNTEAFF
YSEHPTFTSQY,0,CASSLPSGGTNNEQFF
RPRGEVRFL,1,CASRVQGRDNEQFF
KRWIILGLNK,0,CASRMQGRDNEQFF
KRWIILGLNK,0,CASSVIGATYEQYF
SFHSLHLLF,1,CASSQDRGAVYGYTF
SFHSLHLLF,1,CASSLMVDEYF
SGPLKAEIAQRLED,0,CASLPGRATEAFF
TPGPGVRYPL,0,CASTPDRVAKNIQYF
SFHSLHLLF,1,CASSQDGVRMEGYTF
SFHSLHLLF,1,CASSVTSPGSCFF
SFHSLHLLF,1,CASSPDRGLEQYF
TPRVTGGGAM,0,CASSPDRGLEQYF
SFHSLHLLF,1,CASNPPRANTGELFF
SLYNTVATL,0,CASSGGRGSPLHF
SFHSLHLLF,1,CSARETGAAGETQYF
SFHSLHLLF,1,CASSQVQGASNQPQHF
SGPLKAEIAQRLED,1,CSAASDGPDTQYF
FPRPWLHGL,0,CASSEGNRGLYEQYF
KAFSPEVIPMF,0,CASSAEIDGWGLVNEQFF
SGPLKAEIAQRLED,1,CASSLGQVDNVLTF
IPSINVHHY,0,CASSFGGSGANVLTF
SGPLKAEIAQRLED,1,CASSLLGGNTEAFF
SGPLKAEIAQRLED,1,CASSERDRGSYGYTF
GTSGSPIINR,0,CASSFDAEQFF
PKYVKQNTLKLAT,0,CANSFDAEAFF
SLYNTVATL,1,CASSYSTHYSLESDTQYF
SLYNTVATL,1,CASSYSTSGSTDTQYF
SLYNTVATL,1,CASSDRTGGGETQYF
QVPLRPMTYK,0,CASSSPLTSGRLNEQFF
TPGPGVRYPL,1,CASSVSGGQVTDTQYF
TPGPGVRYPL,1,CASTTAADTQYF
TPGPGVRYPL,1,CASSYYSGGSSYNEQFF
SFHSLHLLF,0,CASRRGFHQPQHF
TPQDLNTML,1,CASRQGLGEAFF
KLVALGINAV,0,CASSLGGERRWAFF
TPQDLNTML,1,CASRGETYMNTEAFF
TPQDLNTML,1,CASSLGLNTIYF
TPQDLNTML,1,CASSLGVNTIYF
TPRVTGGGAM,1,CSGGALGQDFGGYTF
SGPLKAEIAQRLED,0,CASSLISGRARNEQFF
LLWNGPMAV,0,CASSLGAGNYGYTF
EPLPQGQLTAY,0,CASSLGPGNYEQYF
TPRVTGGGAM,1,CASRRQRTDAEAFF
AMFWSVPTV,0,CASSLAWGGFYNEQFF
YLQPRTFLL,0,CASSLGSSPREQFF
TPRVTGGGAM,1,CASSLVGQGLGDEQFF
KRWIILGLNK,0,CASSLSASTARYGYTF
TPRVTGGGAM,1,CASSLIGVSSYNEQFF
TPRVTGGGAM,0,CSARDLEVLSYEQYF
VTEHDTLLY,1,CASRKGGSDTQYF
VTEHDTLLY,1,CASSFITDTQYF
VTEHDTLLY,1,CASSLAGAGNEQFF
RLRAEAQVK,0,CASSLAQGYEQYF
VTEHDTLLY,1,CASSLASTGELFF
SGPLKAEIAQRLED,0,CASSLIASPADTQYF
VTEHDTLLY,1,CASSLSTSEQFF
RAKFKQLL,0,CASSPVGGSYNEQFF
QARQMVQAMRTIGTHP,0,CASSSSGQVYEQYF
RAKFKQLL,0,CASSYDRGDYEQYF
YLQPRTFLL,1,CAVGEANTGELFF
HPKVSSEVHI,0,CSAGQRNTGELFF
YLQPRTFLL,1,CASSDQNGNIQYF
YLQPRTFLL,1,CASSDLNTGELFF
ARMILMTHF,0,CSARDQWAANTGELFF
YLQPRTFLL,1,CALGSSNTGELFF
YLQPRTFLL,1,CALWKGGRENTGELFF
YLQPRTFLL,1,CASSPDIEQFF
KLGGALQAK,0,CAWSDHNSKELFF
LLLGIGILV,0,CASSDSLDGYTF
YLQPRTFLL,1,CATMPDRNTGELFF
YLQPRTFLL,1,CASSLGLYGEQYF
YLQPRTFLL,1,CASNSQNTGELFF
YLQPRTFLL,1,CAVQDSNTGELFF
YLQPRTFLL,1,CSARDQAAQNTGELFF
YSEHPTFTSQY,1,CASTSWGLQGPTGELFF
EIYKRWII,0,CASTSWGLQGPTGELFF
YVLDHLIVV,1,CASSYMGVEQFF
VTEHDTLLY,0,CASTSGFGSGETQYF
ELAGIGILTV,0,CATSDTGSFTDTQYF
ATDALMTGY,0,CSVEVQRETEQFF
HPKVSSEVHI,0,CASSPSLVGSADTQYF
